Date,STATION,type,MW,EAF %,PCLF %,UCLF %,OCLF %
2017/01/01,Acacia,ocgt,171,100,0,0,0
2017/02/01,Acacia,ocgt,171,96.5,3.33,0.17,0
2017/03/01,Acacia,ocgt,171,100,0,0,0
2017/04/01,Acacia,ocgt,171,100,0,0,0
2017/05/01,Acacia,ocgt,171,99.62,0,0.38,0
2017/06/01,Acacia,ocgt,171,96.22,3.78,0,0
2017/07/01,Acacia,ocgt,171,100,0,0,0
2017/08/01,Acacia,ocgt,171,100,0,0,0
2017/09/01,Acacia,ocgt,171,98.52,0,1.48,0
2017/10/01,Acacia,ocgt,171,90.17,4.06,0,5.77
2017/11/01,Acacia,ocgt,171,92.16,0,0.28,7.56
2017/12/01,Acacia,ocgt,171,99.58,0,0.42,0
2018/01/01,Acacia,ocgt,171,100,0,0,0
2018/02/01,Acacia,ocgt,171,95.51,4.49,0,0
2018/03/01,Acacia,ocgt,171,100,0,0,0
2018/04/01,Acacia,ocgt,171,100,0,0,0
2018/05/01,Acacia,ocgt,171,100,0,0,0
2018/06/01,Acacia,ocgt,171,100,0,0,0
2018/07/01,Acacia,ocgt,171,96.54,3.46,0,0
2018/08/01,Acacia,ocgt,171,92.94,7.06,0,0
2018/09/01,Acacia,ocgt,171,100,0,0,0
2018/10/01,Acacia,ocgt,171,96.25,3.75,0,0
2018/11/01,Acacia,ocgt,171,100,0,0,0
2018/12/01,Acacia,ocgt,171,100,0,0,0
2019/01/01,Acacia,ocgt,171,100,0,0,0
2019/02/01,Acacia,ocgt,171,92.28,7.72,0,0
2019/03/01,Acacia,ocgt,171,97.56,2.44,0,0
2019/04/01,Acacia,ocgt,171,100,0,0,0
2019/05/01,Acacia,ocgt,171,100,0,0,0
2019/06/01,Acacia,ocgt,171,94.78,2.69,0,2.53
2019/07/01,Acacia,ocgt,171,100,0,0,0
2019/08/01,Acacia,ocgt,171,100,0,0,0
2019/09/01,Acacia,ocgt,171,99.68,0,0.32,0
2019/10/01,Acacia,ocgt,171,100,0,0,0
2019/11/01,Acacia,ocgt,171,86.39,13.42,0,0.19
2019/12/01,Acacia,ocgt,171,100,0,0,0
2020/01/01,Acacia,ocgt,171,98.94,0,0,1.06
2020/02/01,Acacia,ocgt,171,95.25,2.68,0,2.07
2020/03/01,Acacia,ocgt,171,100,0,0,0
2020/04/01,Acacia,ocgt,171,98.3,0,1.7,0
2020/05/01,Acacia,ocgt,171,100,0,0,0
2020/06/01,Acacia,ocgt,171,98.06,1.94,0,0
2020/07/01,Acacia,ocgt,171,98.33,1.67,0,0
2020/08/01,Acacia,ocgt,171,100,0,0,0
2020/09/01,Acacia,ocgt,171,100,0,0,0
2020/10/01,Acacia,ocgt,171,96.58,3.42,0,0
2020/11/01,Acacia,ocgt,171,100,0,0,0
2020/12/01,Acacia,ocgt,171,100,0,0,0
2021/01/01,Acacia,ocgt,171,100,0,0,0
2021/02/01,Acacia,ocgt,171,88.95,11.05,0,0
2021/03/01,Acacia,ocgt,171,95.47,4.53,0,0
2021/04/01,Acacia,ocgt,171,100,0,0,0
2021/05/01,Acacia,ocgt,171,81.78,0,3.95,14.27
2021/06/01,Acacia,ocgt,171,82.78,0,0,17.22
2021/07/01,Acacia,ocgt,171,77.23,0,4.3,18.47
2021/08/01,Acacia,ocgt,171,100,0,0,0
2021/09/01,Acacia,ocgt,171,100,0,0,0
2021/10/01,Acacia,ocgt,171,96.49,3.51,0,0
2021/11/01,Acacia,ocgt,171,100,0,0,0
2021/12/01,Acacia,ocgt,171,100,0,0,0
2022/01/01,Acacia,ocgt,171,99.94,0,0.06,0
2022/02/01,Acacia,ocgt,171,95.24,4.76,0,0
2022/03/01,Acacia,ocgt,171,99.94,0,0.06,0
2022/04/01,Acacia,ocgt,171,100,0,0,0
2022/05/01,Acacia,ocgt,171,100,0,0,0
2022/06/01,Acacia,ocgt,171,95.74,4.26,0,0
2022/07/01,Acacia,ocgt,171,99.68,0,0,0.32
2017/01/01,Ankerlig,ocgt,1327,95.66,3.13,0,1.21
2017/02/01,Ankerlig,ocgt,1327,79.92,20.08,0,0
2017/03/01,Ankerlig,ocgt,1327,91.99,8.01,0,0
2017/04/01,Ankerlig,ocgt,1327,94.79,5.21,0,0
2017/05/01,Ankerlig,ocgt,1327,80.59,19.41,0,0
2017/06/01,Ankerlig,ocgt,1327,96.08,3.87,0.05,0
2017/07/01,Ankerlig,ocgt,1327,89.79,10.21,0,0
2017/08/01,Ankerlig,ocgt,1327,98.28,0,0,1.72
2017/09/01,Ankerlig,ocgt,1327,98.96,0.16,0,0.88
2017/10/01,Ankerlig,ocgt,1327,97.82,0.59,0,1.59
2017/11/01,Ankerlig,ocgt,1327,100,0,0,0
2017/12/01,Ankerlig,ocgt,1327,99.61,0,0.37,0.02
2018/01/01,Ankerlig,ocgt,1327,99.83,0.17,0,0
2018/02/01,Ankerlig,ocgt,1327,99.99,0,0,0.01
2018/03/01,Ankerlig,ocgt,1327,99.91,0,0,0.09
2018/04/01,Ankerlig,ocgt,1327,98.92,1.08,0,0
2018/05/01,Ankerlig,ocgt,1327,99.87,0.13,0,0
2018/06/01,Ankerlig,ocgt,1327,99.85,0.13,0.02,0
2018/07/01,Ankerlig,ocgt,1327,98.24,1.76,0,0
2018/08/01,Ankerlig,ocgt,1327,99.43,0.57,0,0
2018/09/01,Ankerlig,ocgt,1327,99.69,0.31,0,0
2018/10/01,Ankerlig,ocgt,1327,99.86,0,0.1,0.04
2018/11/01,Ankerlig,ocgt,1327,98.52,1.27,0.1,0.11
2018/12/01,Ankerlig,ocgt,1327,94.04,0,5.86,0.1
2019/01/01,Ankerlig,ocgt,1327,99.01,0.31,0.01,0.67
2019/02/01,Ankerlig,ocgt,1327,98.75,0.18,0.31,0.76
2019/03/01,Ankerlig,ocgt,1327,99.22,0,0.66,0.12
2019/04/01,Ankerlig,ocgt,1327,98.97,0.43,0.59,0.01
2019/05/01,Ankerlig,ocgt,1327,99.29,0.71,0,0
2019/06/01,Ankerlig,ocgt,1327,99.73,0.27,0,0
2019/07/01,Ankerlig,ocgt,1327,99.37,0.61,0.02,0
2019/08/01,Ankerlig,ocgt,1327,97.93,0.6,0,1.47
2019/09/01,Ankerlig,ocgt,1327,95.57,0.84,0.31,3.28
2019/10/01,Ankerlig,ocgt,1327,99.25,0.13,0.61,0.01
2019/11/01,Ankerlig,ocgt,1327,99.35,0.6,0,0.05
2019/12/01,Ankerlig,ocgt,1327,99.47,0.33,0.07,0.13
2020/01/01,Ankerlig,ocgt,1327,95.32,4.42,0.12,0.14
2020/02/01,Ankerlig,ocgt,1327,97.08,2.76,0.13,0.03
2020/03/01,Ankerlig,ocgt,1327,97.32,1.92,0.76,0
2020/04/01,Ankerlig,ocgt,1327,98.98,1.02,0,0
2020/05/01,Ankerlig,ocgt,1327,99.75,0.19,0.06,0
2020/06/01,Ankerlig,ocgt,1327,97.45,2.55,0,0
2020/07/01,Ankerlig,ocgt,1327,97.21,2.39,0.37,0.03
2020/08/01,Ankerlig,ocgt,1327,99.53,0.37,0.1,0
2020/09/01,Ankerlig,ocgt,1327,99.59,0.33,0.08,0
2020/10/01,Ankerlig,ocgt,1327,100,0,0,0
2020/11/01,Ankerlig,ocgt,1327,99.69,0.31,0,0
2020/12/01,Ankerlig,ocgt,1327,99.48,0.43,0.02,0.07
2021/01/01,Ankerlig,ocgt,1327,99.19,0.47,0,0.34
2021/02/01,Ankerlig,ocgt,1327,96.26,0.18,0.08,3.48
2021/03/01,Ankerlig,ocgt,1327,97.75,0.13,0.07,2.05
2021/04/01,Ankerlig,ocgt,1327,97.77,0.47,1.72,0.04
2021/05/01,Ankerlig,ocgt,1327,99.71,0.28,0.01,0
2021/06/01,Ankerlig,ocgt,1327,99.28,0.52,0.18,0.02
2021/07/01,Ankerlig,ocgt,1327,99.79,0.17,0.04,0
2021/08/01,Ankerlig,ocgt,1327,98.22,0.51,0,1.27
2021/09/01,Ankerlig,ocgt,1327,99.19,0.47,0.34,0
2021/10/01,Ankerlig,ocgt,1327,99.45,0.3,0.05,0.2
2021/11/01,Ankerlig,ocgt,1327,99.26,0.53,0.12,0.09
2021/12/01,Ankerlig,ocgt,1327,99.73,0.25,0,0.02
2022/01/01,Ankerlig,ocgt,1327,95.31,4.24,0.15,0.3
2022/02/01,Ankerlig,ocgt,1327,97.38,2.45,0,0.17
2022/03/01,Ankerlig,ocgt,1327,99.14,0.39,0.34,0.13
2022/04/01,Ankerlig,ocgt,1327,98.16,1.63,0.18,0.03
2022/05/01,Ankerlig,ocgt,1327,96.9,3,0.05,0.05
2022/06/01,Ankerlig,ocgt,1327,95.6,3.75,0.6,0.05
2022/07/01,Ankerlig,ocgt,1327,95.39,4.61,0,0
2017/01/01,Arnot,coal,2232,88.89,0.4,10.71,0
2017/02/01,Arnot,coal,2232,84.39,4.14,11.44,0.03
2017/03/01,Arnot,coal,2232,86.75,3.59,9.66,0
2017/04/01,Arnot,coal,2232,83.21,5.94,10.85,0
2017/05/01,Arnot,coal,2232,74.84,15.92,9.24,0
2017/06/01,Arnot,coal,2232,74.6,15.94,9.46,0
2017/07/01,Arnot,coal,2232,76.69,15,8.31,0
2017/08/01,Arnot,coal,2232,81.19,4.87,13.94,0
2017/09/01,Arnot,coal,2232,71.09,2.01,26.9,0
2017/10/01,Arnot,coal,2232,73.92,1.25,24.83,0
2017/11/01,Arnot,coal,2232,72.28,0.97,26.66,0.09
2017/12/01,Arnot,coal,2232,73.5,1.21,24.67,0.62
2018/01/01,Arnot,coal,2232,78.16,0,21.36,0.48
2018/02/01,Arnot,coal,2232,70.42,3.12,25.94,0.52
2018/03/01,Arnot,coal,2232,67.9,5.88,25.13,1.09
2018/04/01,Arnot,coal,2232,68.17,0.59,29.98,1.26
2018/05/01,Arnot,coal,2232,67.64,1.56,30.69,0.11
2018/06/01,Arnot,coal,2232,55.9,0.28,32.57,11.25
2018/07/01,Arnot,coal,2232,65.2,0.75,33.13,0.92
2018/08/01,Arnot,coal,2232,60.98,1.89,32.58,4.55
2018/09/01,Arnot,coal,2232,68.75,1.59,29.65,0.01
2018/10/01,Arnot,coal,2232,61.63,1.49,36.88,0
2018/11/01,Arnot,coal,2232,57.85,3.4,38.75,0
2018/12/01,Arnot,coal,2232,46.84,6.67,46.49,0
2019/01/01,Arnot,coal,2232,38.17,16.67,45.16,0
2019/02/01,Arnot,coal,2232,45.26,18.01,36.71,0.02
2019/03/01,Arnot,coal,2232,47.76,11.77,40.47,0
2019/04/01,Arnot,coal,2232,58.21,3.51,38.22,0.06
2019/05/01,Arnot,coal,2232,52.06,19.52,24.01,4.41
2019/06/01,Arnot,coal,2100,49.75,19.08,31.17,0
2019/07/01,Arnot,coal,2100,64.83,5.45,29.72,0
2019/08/01,Arnot,coal,2100,57.81,17.46,24.53,0.2
2019/09/01,Arnot,coal,2100,66,12.16,20.98,0.86
2019/10/01,Arnot,coal,2100,68.87,4.72,26.41,0
2019/11/01,Arnot,coal,2100,60.28,17.18,22.54,0
2019/12/01,Arnot,coal,2100,60.54,6.04,29.68,3.74
2020/01/01,Arnot,coal,2100,59.29,6.25,33.79,0.67
2020/02/01,Arnot,coal,2100,64.39,0,35.59,0.02
2020/03/01,Arnot,coal,2100,62.67,3.49,33.84,0
2020/04/01,Arnot,coal,2100,70.18,8.31,21.51,0
2020/05/01,Arnot,coal,2100,73.25,2.08,24.56,0.11
2020/06/01,Arnot,coal,2100,70.25,7.45,21.44,0.86
2020/07/01,Arnot,coal,2100,61.1,17.88,20.91,0.11
2020/08/01,Arnot,coal,2100,68.03,2.93,28.96,0.08
2020/09/01,Arnot,coal,2100,55.8,14.78,29.17,0.25
2020/10/01,Arnot,coal,2100,56.79,21.9,21.23,0.08
2020/11/01,Arnot,coal,2100,57.04,21.31,21.61,0.04
2020/12/01,Arnot,coal,2100,52.82,8.93,38.25,0
2021/01/01,Arnot,coal,2100,60.82,0.53,38.65,0
2021/02/01,Arnot,coal,2100,49.8,1.36,46.59,2.25
2021/03/01,Arnot,coal,2100,58.04,3.74,38.22,0
2021/04/01,Arnot,coal,2100,68.54,0.17,31.27,0.02
2021/05/01,Arnot,coal,2100,62.69,2.61,34.6,0.1
2021/06/01,Arnot,coal,2100,63.82,0,36.18,0
2021/07/01,Arnot,coal,2100,61.45,16.16,22.39,0
2021/08/01,Arnot,coal,2100,53.22,19.46,27.32,0
2021/09/01,Arnot,coal,2100,53.16,21.12,25.7,0.02
2021/10/01,Arnot,coal,2100,38.91,4.09,57,0
2021/11/01,Arnot,coal,2100,56.12,4.68,38.6,0.6
2021/12/01,Arnot,coal,2100,43.99,18.19,37.28,0.54
2022/01/01,Arnot,coal,2100,47.05,11.07,41.88,0
2022/02/01,Arnot,coal,2100,39.79,18.63,41.58,0
2022/03/01,Arnot,coal,2100,37.59,21.73,40.68,0
2022/04/01,Arnot,coal,2100,36.01,10.38,51.93,1.68
2022/05/01,Arnot,coal,2100,50.85,2.17,46.98,0
2022/06/01,Arnot,coal,2100,51.58,10.55,28.58,9.29
2022/07/01,Arnot,coal,2100,30.71,2.3,50.22,16.77
2017/01/01,Camden,coal,1481,77.71,6.8,14.62,0.87
2017/02/01,Camden,coal,1481,74.96,14.07,10.39,0.58
2017/03/01,Camden,coal,1481,80.31,12.83,6.75,0.11
2017/04/01,Camden,coal,1481,76.81,12.94,7.45,2.8
2017/05/01,Camden,coal,1481,70.96,12.83,12.47,3.74
2017/06/01,Camden,coal,1481,68.17,12.83,14.87,4.13
2017/07/01,Camden,coal,1481,63.92,12.62,19.82,3.64
2017/08/01,Camden,coal,1481,60.19,9.89,26.77,3.15
2017/09/01,Camden,coal,1481,72.24,10.53,11.83,5.4
2017/10/01,Camden,coal,1481,70.78,15.16,8.8,5.26
2017/11/01,Camden,coal,1481,52.49,15.27,30.25,1.99
2017/12/01,Camden,coal,1481,46.29,12.13,38.29,3.29
2018/01/01,Camden,coal,1481,63.59,10.17,22.34,3.9
2018/02/01,Camden,coal,1481,66.8,6.88,23.16,3.16
2018/03/01,Camden,coal,1481,62.44,2,28.95,6.61
2018/04/01,Camden,coal,1481,81.82,3.85,9.83,4.5
2018/05/01,Camden,coal,1481,81.12,3.64,12.2,3.04
2018/06/01,Camden,coal,1481,64.55,18.88,9.58,6.99
2018/07/01,Camden,coal,1481,66.96,15.57,11.66,5.81
2018/08/01,Camden,coal,1481,59.47,13.12,12.16,15.25
2018/09/01,Camden,coal,1481,64.34,17.41,15.23,3.02
2018/10/01,Camden,coal,1481,55.75,15.6,25.06,3.59
2018/11/01,Camden,coal,1481,60.22,6.94,30.72,2.12
2018/12/01,Camden,coal,1481,63.49,8.18,26.29,2.04
2019/01/01,Camden,coal,1481,41.86,22.32,30.84,4.98
2019/02/01,Camden,coal,1481,41.48,12.53,44.29,1.7
2019/03/01,Camden,coal,1481,43.19,14.67,42.14,0
2019/04/01,Camden,coal,1481,48.95,22.62,19.1,9.33
2019/05/01,Camden,coal,1481,51.19,14.53,24.78,9.5
2019/06/01,Camden,coal,1481,58.13,3.47,25.36,13.04
2019/07/01,Camden,coal,1481,56.2,3.54,34.21,6.05
2019/08/01,Camden,coal,1481,51.82,15.75,26.63,5.8
2019/09/01,Camden,coal,1481,48.05,20.87,26.22,4.86
2019/10/01,Camden,coal,1481,52.16,17.84,25.79,4.21
2019/11/01,Camden,coal,1481,51.39,15.01,29.26,4.34
2019/12/01,Camden,coal,1481,37.45,4.46,56.21,1.88
2020/01/01,Camden,coal,1481,27.64,0,69.09,3.27
2020/02/01,Camden,coal,1481,36.17,9.42,45.77,8.64
2020/03/01,Camden,coal,1481,34.18,20.74,37.02,8.06
2020/04/01,Camden,coal,1481,32.07,19.85,27.04,21.04
2020/05/01,Camden,coal,1481,0,2.75,2.9,94.35
2020/06/01,Camden,coal,1481,0,4.58,0,95.42
2020/07/01,Camden,coal,1481,0,12.49,0,87.51
2020/08/01,Camden,coal,1481,1.68,12.49,0.8,85.03
2020/09/01,Camden,coal,1481,28.19,15.95,15.13,40.73
2020/10/01,Camden,coal,1481,43.4,16.76,17.85,21.99
2020/11/01,Camden,coal,1481,28.7,3.33,21.97,46
2020/12/01,Camden,coal,1481,29.32,0.03,16.77,53.88
2021/01/01,Camden,coal,1481,25.7,1.78,10.62,61.9
2021/02/01,Camden,coal,1481,26.51,0.02,5.37,68.1
2021/03/01,Camden,coal,1481,29.6,0,10.04,60.36
2021/04/01,Camden,coal,1481,51.36,4.62,9.92,34.1
2021/05/01,Camden,coal,1481,51.21,12.72,18.74,17.33
2021/06/01,Camden,coal,1481,54.86,11.41,10.78,22.95
2021/07/01,Camden,coal,1481,53.53,0.16,10.94,35.37
2021/08/01,Camden,coal,1481,49.78,0.1,11.99,38.13
2021/09/01,Camden,coal,1481,42.33,0.39,3.66,53.62
2021/10/01,Camden,coal,1481,42.59,0,8.81,48.6
2021/11/01,Camden,coal,1481,53.84,0,27.34,18.82
2021/12/01,Camden,coal,1481,63.19,6.64,28.94,1.23
2022/01/01,Camden,coal,1481,54.31,14.76,30.91,0.02
2022/02/01,Camden,coal,1481,53.67,12.62,33.42,0.29
2022/03/01,Camden,coal,1481,60.46,9.03,29.32,1.19
2022/04/01,Camden,coal,1481,65.67,1.58,27.03,5.72
2022/05/01,Camden,coal,1481,67.37,11.09,17.36,4.18
2022/06/01,Camden,coal,1481,58.9,14.74,22.87,3.49
2022/07/01,Camden,coal,1481,58.33,12.85,27.26,1.56
2017/01/01,Drakensberg,phs,1000,74.9,25,0,0.1
2017/02/01,Drakensberg,phs,1000,74.55,25.35,0.1,0
2017/03/01,Drakensberg,phs,1000,74.06,25.73,0.21,0
2017/04/01,Drakensberg,phs,1000,75,25,0,0
2017/05/01,Drakensberg,phs,1000,84.67,11.84,0.11,3.38
2017/06/01,Drakensberg,phs,1000,99.58,0.31,0.11,0
2017/07/01,Drakensberg,phs,1000,99.74,0.26,0,0
2017/08/01,Drakensberg,phs,1000,100,0,0,0
2017/09/01,Drakensberg,phs,1000,99.97,0,0.03,0
2017/10/01,Drakensberg,phs,1000,99.64,0,0.36,0
2017/11/01,Drakensberg,phs,1000,99.79,0,0,0.21
2017/12/01,Drakensberg,phs,1000,86.93,12.71,0,0.36
2018/01/01,Drakensberg,phs,1000,74.48,25,0.52,0
2018/02/01,Drakensberg,phs,1000,73.9,25.39,0.11,0.6
2018/03/01,Drakensberg,phs,1000,74.51,25.37,0,0.12
2018/04/01,Drakensberg,phs,1000,68.14,31.31,0,0.55
2018/05/01,Drakensberg,phs,1000,49.93,50,0.07,0
2018/06/01,Drakensberg,phs,1000,51.99,33.94,3.65,10.42
2018/07/01,Drakensberg,phs,1000,54.18,25,0,20.82
2018/08/01,Drakensberg,phs,1000,69.92,4.98,0.1,25
2018/09/01,Drakensberg,phs,1000,83.41,14.12,0.16,2.31
2018/10/01,Drakensberg,phs,1000,99.33,0,0.23,0.44
2018/11/01,Drakensberg,phs,1000,99.21,0.75,0.04,0
2018/12/01,Drakensberg,phs,1000,98.91,0.55,0.37,0.17
2019/01/01,Drakensberg,phs,1000,98.83,0.73,0.32,0.12
2019/02/01,Drakensberg,phs,1000,98.82,0.9,0.28,0
2019/03/01,Drakensberg,phs,1000,99.6,0,0.11,0.29
2019/04/01,Drakensberg,phs,1000,99.01,0,0.69,0.3
2019/05/01,Drakensberg,phs,1000,88.64,11.12,0.24,0
2019/06/01,Drakensberg,phs,1000,88.59,11.09,0.32,0
2019/07/01,Drakensberg,phs,1000,97.91,0.74,0.27,1.08
2019/08/01,Drakensberg,phs,1000,99.52,0.48,0,0
2019/09/01,Drakensberg,phs,1000,98.35,0,0.25,1.4
2019/10/01,Drakensberg,phs,1000,99.4,0.35,0.25,0
2019/11/01,Drakensberg,phs,1000,98.44,1.43,0.13,0
2019/12/01,Drakensberg,phs,1000,99.63,0.34,0.03,0
2020/01/01,Drakensberg,phs,1000,86.9,11.9,0.39,0.81
2020/02/01,Drakensberg,phs,1000,71.9,25.96,2.14,0
2020/03/01,Drakensberg,phs,1000,74.3,25.52,0.18,0
2020/04/01,Drakensberg,phs,1000,74.26,0.39,0.35,25
2020/05/01,Drakensberg,phs,1000,74.93,7.63,0.07,17.37
2020/06/01,Drakensberg,phs,1000,63.41,36.35,0,0.24
2020/07/01,Drakensberg,phs,1000,49.58,49.79,0.63,0
2020/08/01,Drakensberg,phs,1000,69.58,26.12,0.69,3.61
2020/09/01,Drakensberg,phs,1000,73.66,25.49,0.8,0.05
2020/10/01,Drakensberg,phs,1000,74.05,18.12,0,7.83
2020/11/01,Drakensberg,phs,1000,72.38,15.76,0.23,11.63
2020/12/01,Drakensberg,phs,1000,74.58,0.42,0,25
2021/01/01,Drakensberg,phs,1000,74.09,0.76,0,25.15
2021/02/01,Drakensberg,phs,1000,74.34,0.65,0,25.01
2021/03/01,Drakensberg,phs,1000,78.39,0.18,9.69,11.74
2021/04/01,Drakensberg,phs,1000,88.15,10.05,1.74,0.06
2021/05/01,Drakensberg,phs,1000,74.14,25.34,0.52,0
2021/06/01,Drakensberg,phs,1000,99.11,0.81,0.08,0
2021/07/01,Drakensberg,phs,1000,99.39,0,0.61,0
2021/08/01,Drakensberg,phs,1000,95.85,2.64,1.51,0
2021/09/01,Drakensberg,phs,1000,98.42,1.58,0,0
2021/10/01,Drakensberg,phs,1000,99.95,0,0.04,0.01
2021/11/01,Drakensberg,phs,1000,63.72,36.2,0.08,0
2021/12/01,Drakensberg,phs,1000,49.55,50.45,0,0
2022/01/01,Drakensberg,phs,1000,68.64,30.96,0.4,0
2022/02/01,Drakensberg,phs,1000,98.27,1.29,0.44,0
2022/03/01,Drakensberg,phs,1000,99.32,0,0.68,0
2022/04/01,Drakensberg,phs,1000,98.68,0.54,0.19,0.59
2022/05/01,Drakensberg,phs,1000,98.15,0.34,0.97,0.54
2022/06/01,Drakensberg,phs,1000,77.38,22.16,0.16,0.3
2022/07/01,Drakensberg,phs,1000,75,25,0,0
2017/01/01,Duvha,coal,3450,60.07,10.12,29.51,0.3
2017/02/01,Duvha,coal,3450,65.98,0,33.74,0.28
2017/03/01,Duvha,coal,3450,64.41,0.77,34.81,0.01
2017/04/01,Duvha,coal,3450,67.1,0.76,31.94,0.2
2017/05/01,Duvha,coal,3450,64.61,8.23,26.92,0.24
2017/06/01,Duvha,coal,3450,62.12,3.79,34.08,0.01
2017/07/01,Duvha,coal,3450,73.02,6.4,20.58,0
2017/08/01,Duvha,coal,3450,56.29,9.68,33.82,0.21
2017/09/01,Duvha,coal,3450,40.41,18,41.55,0.04
2017/10/01,Duvha,coal,3450,34.9,19.15,44.26,1.69
2017/11/01,Duvha,coal,3450,44.53,16.67,38.77,0.03
2017/12/01,Duvha,coal,2875,33.82,21.28,44.78,0.12
2018/01/01,Duvha,coal,2875,34.8,22.62,42.57,0.01
2018/02/01,Duvha,coal,2875,38.24,24.97,36.71,0.08
2018/03/01,Duvha,coal,2875,42.44,17.98,39.58,0
2018/04/01,Duvha,coal,2875,45.43,0.01,54.55,0.01
2018/05/01,Duvha,coal,2875,52.48,6.5,41.01,0.01
2018/06/01,Duvha,coal,2875,61.24,5.36,32.68,0.72
2018/07/01,Duvha,coal,2875,52.76,4.55,42.44,0.25
2018/08/01,Duvha,coal,2875,39.73,11.96,48.3,0.01
2018/09/01,Duvha,coal,2875,38.5,21.42,39.65,0.43
2018/10/01,Duvha,coal,2875,46.63,22.87,30.12,0.38
2018/11/01,Duvha,coal,2875,49.8,20.31,29.57,0.32
2018/12/01,Duvha,coal,2875,39.1,21.31,39.55,0.04
2019/01/01,Duvha,coal,2875,39.1,25.47,35.43,0
2019/02/01,Duvha,coal,2875,46.86,22.68,30.45,0.01
2019/03/01,Duvha,coal,2875,54.69,25.24,20.04,0.03
2019/04/01,Duvha,coal,2875,50.09,25.58,24.31,0.02
2019/05/01,Duvha,coal,2875,48.23,8.28,43.49,0
2019/06/01,Duvha,coal,2875,40.18,0,59.82,0
2019/07/01,Duvha,coal,2875,54.62,1.84,43.54,0
2019/08/01,Duvha,coal,2875,41.28,2.38,56.31,0.03
2019/09/01,Duvha,coal,2875,48.63,6.3,45.07,0
2019/10/01,Duvha,coal,2875,48.45,0,51.47,0.08
2019/11/01,Duvha,coal,2875,42.82,9.25,47.93,0
2019/12/01,Duvha,coal,2875,36.7,16.13,47.07,0.1
2020/01/01,Duvha,coal,2875,39.27,0,59.94,0.79
2020/02/01,Duvha,coal,2875,44.04,3.14,51.32,1.5
2020/03/01,Duvha,coal,2875,41.13,22.08,36.76,0.03
2020/04/01,Duvha,coal,2875,47.83,16.66,35.51,0
2020/05/01,Duvha,coal,2875,64.54,4.3,31.02,0.14
2020/06/01,Duvha,coal,2875,41.42,4.44,54.14,0
2020/07/01,Duvha,coal,2875,68.03,0.32,31.5,0.15
2020/08/01,Duvha,coal,2875,49.89,0,49.95,0.16
2020/09/01,Duvha,coal,2875,59.64,1.37,38.77,0.22
2020/10/01,Duvha,coal,2875,58.57,9.27,31.54,0.62
2020/11/01,Duvha,coal,2875,54.98,22.61,21.91,0.5
2020/12/01,Duvha,coal,2875,36.88,40.54,22.45,0.13
2021/01/01,Duvha,coal,2875,28.55,41.4,29.92,0.13
2021/02/01,Duvha,coal,2875,31.43,14.03,54.45,0.09
2021/03/01,Duvha,coal,2875,36.04,1.92,62.04,0
2021/04/01,Duvha,coal,2875,39.88,3.44,56.68,0
2021/05/01,Duvha,coal,2875,52.5,0,47.5,0
2021/06/01,Duvha,coal,2875,46.75,7.34,45.91,0
2021/07/01,Duvha,coal,2875,45.55,26.52,27.93,0
2021/08/01,Duvha,coal,2875,44.65,22.75,32.6,0
2021/09/01,Duvha,coal,2875,50.4,32.12,17.48,0
2021/10/01,Duvha,coal,2875,39.55,32.93,27.49,0.03
2021/11/01,Duvha,coal,2875,41.53,22.38,36.07,0.02
2021/12/01,Duvha,coal,2875,46.28,11,42.6,0.12
2022/01/01,Duvha,coal,2875,42.13,16.11,41.76,0
2022/02/01,Duvha,coal,2875,25.31,22.34,52.35,0
2022/03/01,Duvha,coal,2875,31.79,20,48.21,0
2022/04/01,Duvha,coal,2875,40.23,4.05,55.71,0.01
2022/05/01,Duvha,coal,2875,52.34,0.03,47.53,0.1
2022/06/01,Duvha,coal,2875,45.71,6.19,40.22,7.88
2022/07/01,Duvha,coal,2875,46.6,3.71,49.21,0.48
2017/01/01,Gariep,hydro,360,100,0,0,0
2017/02/01,Gariep,hydro,360,100,0,0,0
2017/03/01,Gariep,hydro,360,99.68,0,0.32,0
2017/04/01,Gariep,hydro,360,99.28,0,0,0.72
2017/05/01,Gariep,hydro,360,99.27,0,0.21,0.52
2017/06/01,Gariep,hydro,360,100,0,0,0
2017/07/01,Gariep,hydro,360,98.94,1.05,0.01,0
2017/08/01,Gariep,hydro,360,99.42,0,0.58,0
2017/09/01,Gariep,hydro,360,100,0,0,0
2017/10/01,Gariep,hydro,360,98.9,1.1,0,0
2017/11/01,Gariep,hydro,360,97.06,1.06,0,1.88
2017/12/01,Gariep,hydro,360,98.93,0,0,1.07
2018/01/01,Gariep,hydro,360,99.89,0,0.11,0
2018/02/01,Gariep,hydro,360,94.11,5.89,0,0
2018/03/01,Gariep,hydro,360,99.43,0.39,0.18,0
2018/04/01,Gariep,hydro,360,98.21,0,0,1.79
2018/05/01,Gariep,hydro,360,99.6,0,0.03,0.37
2018/06/01,Gariep,hydro,360,99.82,0.18,0,0
2018/07/01,Gariep,hydro,360,99.33,0,0,0.67
2018/08/01,Gariep,hydro,360,96.31,3.69,0,0
2018/09/01,Gariep,hydro,360,88.19,11.38,0,0.43
2018/10/01,Gariep,hydro,360,82.77,17.23,0,0
2018/11/01,Gariep,hydro,360,75,25,0,0
2018/12/01,Gariep,hydro,360,95.56,4.44,0,0
2019/01/01,Gariep,hydro,360,100,0,0,0
2019/02/01,Gariep,hydro,360,100,0,0,0
2019/03/01,Gariep,hydro,360,99.05,0,0.24,0.71
2019/04/01,Gariep,hydro,360,99.58,0,0,0.42
2019/05/01,Gariep,hydro,360,98.96,0.27,0.77,0
2019/06/01,Gariep,hydro,360,99.52,0,0.48,0
2019/07/01,Gariep,hydro,360,100,0,0,0
2019/08/01,Gariep,hydro,360,99.83,0,0.17,0
2019/09/01,Gariep,hydro,360,99.93,0,0.07,0
2019/10/01,Gariep,hydro,360,100,0,0,0
2019/11/01,Gariep,hydro,360,90.91,0,0.34,8.75
2019/12/01,Gariep,hydro,360,98.86,0.95,0,0.19
2020/01/01,Gariep,hydro,360,92.14,0,0,7.86
2020/02/01,Gariep,hydro,360,99.81,0,0,0.19
2020/03/01,Gariep,hydro,360,99.95,0,0.05,0
2020/04/01,Gariep,hydro,360,100,0,0,0
2020/05/01,Gariep,hydro,360,99.02,0,0,0.98
2020/06/01,Gariep,hydro,360,99.53,0,0,0.47
2020/07/01,Gariep,hydro,360,99.15,0,0.85,0
2020/08/01,Gariep,hydro,360,93.41,0,0,6.59
2020/09/01,Gariep,hydro,360,100,0,0,0
2020/10/01,Gariep,hydro,360,98.48,0,1.52,0
2020/11/01,Gariep,hydro,360,99.86,0,0,0.14
2020/12/01,Gariep,hydro,360,95.86,0,0,4.14
2021/01/01,Gariep,hydro,360,99.77,0,0.23,0
2021/02/01,Gariep,hydro,360,100,0,0,0
2021/03/01,Gariep,hydro,360,94.43,0,5.39,0.18
2021/04/01,Gariep,hydro,360,99.47,0,0,0.53
2021/05/01,Gariep,hydro,360,96.47,3.53,0,0
2021/06/01,Gariep,hydro,360,91.89,8.03,0.08,0
2021/07/01,Gariep,hydro,360,78.29,21.07,0.64,0
2021/08/01,Gariep,hydro,360,81.59,18.22,0.19,0
2021/09/01,Gariep,hydro,360,97.9,1.38,0.72,0
2021/10/01,Gariep,hydro,360,78.48,20.75,0.77,0
2021/11/01,Gariep,hydro,360,100,0,0,0
2021/12/01,Gariep,hydro,360,99.83,0,0.02,0.15
2022/01/01,Gariep,hydro,360,98.84,0,0,1.16
2022/02/01,Gariep,hydro,360,90.51,0,0.7,8.79
2022/03/01,Gariep,hydro,360,100,0,0,0
2022/04/01,Gariep,hydro,360,100,0,0,0
2022/05/01,Gariep,hydro,360,94.59,0,0.08,5.33
2022/06/01,Gariep,hydro,360,81.21,0,0.29,18.5
2022/07/01,Gariep,hydro,360,96.3,0,2.79,0.91
2017/01/01,Generation Total,total,42710,77.4,12.56,9.37,0.67
2017/02/01,Generation Total,total,42710,75.85,14.66,8.74,0.75
2017/03/01,Generation Total,total,42710,78.67,11.65,8.61,1.07
2017/04/01,Generation Total,total,42710,81.17,10.14,7.61,1.08
2017/05/01,Generation Total,total,42710,81.91,7.73,9.63,0.73
2017/06/01,Generation Total,total,42525,83.63,6.34,9.63,0.4
2017/07/01,Generation Total,total,42856,86.07,7.58,5.89,0.46
2017/08/01,Generation Total,total,42856,82.27,8.15,8.72,0.86
2017/09/01,Generation Total,total,43518,77.67,9.79,11.64,0.9
2017/10/01,Generation Total,total,43518,79.3,8.08,11.52,1.1
2017/11/01,Generation Total,total,43518,75.61,10.96,12.74,0.69
2017/12/01,Generation Total,total,42943,70.53,13.65,13.22,2.6
2018/01/01,Generation Total,total,42973,69.66,15.34,11.81,3.19
2018/02/01,Generation Total,total,43304,70.2,14.45,12.71,2.64
2018/03/01,Generation Total,total,43304,69.56,11.07,16.55,2.82
2018/04/01,Generation Total,total,42389,73.93,9.19,16.05,0.83
2018/05/01,Generation Total,total,43106,76.08,8.79,14.4,0.73
2018/06/01,Generation Total,total,43106,76.14,7.17,14.23,2.46
2018/07/01,Generation Total,total,43106,77.96,5.35,15.07,1.62
2018/08/01,Generation Total,total,42992,73.65,7.35,15.77,3.23
2018/09/01,Generation Total,total,43537,72.23,9.84,15.8,2.13
2018/10/01,Generation Total,total,43352,69.38,12.38,16.92,1.32
2018/11/01,Generation Total,total,43352,66.61,11.51,20.88,1
2018/12/01,Generation Total,total,44072,63.78,14.23,20.53,1.46
2019/01/01,Generation Total,total,44072,64.78,12.92,20.65,1.65
2019/02/01,Generation Total,total,44072,62.68,11.75,24.06,1.51
2019/03/01,Generation Total,total,44072,62.37,11.47,25.28,0.88
2019/04/01,Generation Total,total,44104,67.74,12.29,18.66,1.31
2019/05/01,Generation Total,total,44104,71.4,9.41,17.86,1.33
2019/06/01,Generation Total,total,43691,71.38,5.61,21.83,1.18
2019/07/01,Generation Total,total,43691,71.53,5.48,21.72,1.27
2019/08/01,Generation Total,total,43691,69.45,9.64,19.49,1.42
2019/09/01,Generation Total,total,43577,67.86,10.75,19.36,2.03
2019/10/01,Generation Total,total,43577,67.57,8.53,22.12,1.78
2019/11/01,Generation Total,total,43577,65.76,10.45,21.96,1.83
2019/12/01,Generation Total,total,43577,59.57,9.92,28.15,2.36
2020/01/01,Generation Total,total,43577,60.62,8.03,29.43,1.92
2020/02/01,Generation Total,total,43577,62.89,8.41,27.57,1.13
2020/03/01,Generation Total,total,43577,63.76,8.53,26.35,1.36
2020/04/01,Generation Total,total,43577,64.67,15.48,17.5,2.35
2020/05/01,Generation Total,total,43577,70.59,6.67,18.04,4.7
2020/06/01,Generation Total,total,43486,71.93,4.59,19.28,4.2
2020/07/01,Generation Total,total,43486,68.7,7.34,19.68,4.28
2020/08/01,Generation Total,total,44206,66.22,11.25,18.55,3.98
2020/09/01,Generation Total,total,44206,65.07,14.16,18.75,2.02
2020/10/01,Generation Total,total,44206,64.81,13.86,19.56,1.77
2020/11/01,Generation Total,total,44206,63.51,15.71,17.51,3.27
2020/12/01,Generation Total,total,44926,58.41,17.86,19.86,3.87
2021/01/01,Generation Total,total,44926,57.48,13.43,25.11,3.98
2021/02/01,Generation Total,total,44926,58.91,12.48,24.28,4.33
2021/03/01,Generation Total,total,44926,60.37,13.98,22.27,3.38
2021/04/01,Generation Total,total,44931,63.65,11.06,22.81,2.48
2021/05/01,Generation Total,total,44898,64.27,6.53,25.71,3.49
2021/06/01,Generation Total,total,44889,66.8,5.63,25.41,2.16
2021/07/01,Generation Total,total,44889,67.32,7.84,22.32,2.52
2021/08/01,Generation Total,total,44889,66.22,10.5,20.83,2.45
2021/09/01,Generation Total,total,44883,63.3,11.8,21.7,3.2
2021/10/01,Generation Total,total,44883,57.8,12.32,27.05,2.83
2021/11/01,Generation Total,total,45603,58.42,11.39,27.42,2.77
2021/12/01,Generation Total,total,45603,58.37,11.08,28.49,2.06
2022/01/01,Generation Total,total,45603,59.42,11.41,27.33,1.84
2022/02/01,Generation Total,total,45603,59.46,11.74,27.22,1.58
2022/03/01,Generation Total,total,45603,59.35,11.51,27.77,1.37
2022/04/01,Generation Total,total,46077,57.3,11.7,29.64,1.36
2022/05/01,Generation Total,total,46077,59.68,6.84,32.54,0.94
2022/06/01,Generation Total,total,46077,60.33,7.14,29.38,3.15
2022/07/01,Generation Total,total,46077,58.52,7.75,31.63,2.1
2017/01/01,Gourikwa,ocgt,740,89.16,10.41,0.43,0
2017/02/01,Gourikwa,ocgt,740,85.85,14.15,0,0
2017/03/01,Gourikwa,ocgt,740,83.23,16.77,0,0
2017/04/01,Gourikwa,ocgt,740,96.81,3.19,0,0
2017/05/01,Gourikwa,ocgt,740,81.47,18.53,0,0
2017/06/01,Gourikwa,ocgt,740,94.03,5.64,0.33,0
2017/07/01,Gourikwa,ocgt,740,80,20,0,0
2017/08/01,Gourikwa,ocgt,740,98.81,1.02,0.17,0
2017/09/01,Gourikwa,ocgt,740,100,0,0,0
2017/10/01,Gourikwa,ocgt,740,100,0,0,0
2017/11/01,Gourikwa,ocgt,740,98.31,1.62,0.07,0
2017/12/01,Gourikwa,ocgt,740,100,0,0,0
2018/01/01,Gourikwa,ocgt,740,99.58,0.3,0.12,0
2018/02/01,Gourikwa,ocgt,740,100,0,0,0
2018/03/01,Gourikwa,ocgt,740,98.62,1.08,0.22,0.08
2018/04/01,Gourikwa,ocgt,740,99.67,0.33,0,0
2018/05/01,Gourikwa,ocgt,740,100,0,0,0
2018/06/01,Gourikwa,ocgt,740,99.26,0.59,0.15,0
2018/07/01,Gourikwa,ocgt,740,99.31,0.69,0,0
2018/08/01,Gourikwa,ocgt,740,100,0,0,0
2018/09/01,Gourikwa,ocgt,740,100,0,0,0
2018/10/01,Gourikwa,ocgt,740,98.3,1.45,0.19,0.06
2018/11/01,Gourikwa,ocgt,740,99.75,0,0.22,0.03
2018/12/01,Gourikwa,ocgt,740,99.88,0,0,0.12
2019/01/01,Gourikwa,ocgt,740,99.4,0.46,0.05,0.09
2019/02/01,Gourikwa,ocgt,740,99.42,0.13,0.3,0.15
2019/03/01,Gourikwa,ocgt,740,97.28,0.66,1.92,0.14
2019/04/01,Gourikwa,ocgt,740,99.75,0.22,0,0.03
2019/05/01,Gourikwa,ocgt,740,99.51,0.47,0.02,0
2019/06/01,Gourikwa,ocgt,740,99.75,0.21,0.03,0.01
2019/07/01,Gourikwa,ocgt,740,99.52,0.46,0.01,0.01
2019/08/01,Gourikwa,ocgt,740,99.73,0.27,0,0
2019/09/01,Gourikwa,ocgt,740,99.72,0.26,0.02,0
2019/10/01,Gourikwa,ocgt,740,97.85,1.98,0.11,0.06
2019/11/01,Gourikwa,ocgt,740,98.64,0.95,0.41,0
2019/12/01,Gourikwa,ocgt,740,97.84,1.87,0.2,0.09
2020/01/01,Gourikwa,ocgt,740,99.59,0,0.29,0.12
2020/02/01,Gourikwa,ocgt,740,91.19,8.48,0.26,0.07
2020/03/01,Gourikwa,ocgt,740,94.43,5.57,0,0
2020/04/01,Gourikwa,ocgt,740,100,0,0,0
2020/05/01,Gourikwa,ocgt,740,91.33,3.86,4.81,0
2020/06/01,Gourikwa,ocgt,740,87.71,0.48,11.78,0.03
2020/07/01,Gourikwa,ocgt,740,99.72,0.25,0.03,0
2020/08/01,Gourikwa,ocgt,740,90.52,0,9.48,0
2020/09/01,Gourikwa,ocgt,740,92.92,6.22,0.86,0
2020/10/01,Gourikwa,ocgt,740,96.95,0.25,0,2.8
2020/11/01,Gourikwa,ocgt,740,96.54,0.3,0.25,2.91
2020/12/01,Gourikwa,ocgt,740,99.3,0.55,0,0.15
2021/01/01,Gourikwa,ocgt,740,99.56,0.31,0.01,0.12
2021/02/01,Gourikwa,ocgt,740,99.73,0.22,0,0.05
2021/03/01,Gourikwa,ocgt,740,99.12,0.66,0.03,0.19
2021/04/01,Gourikwa,ocgt,740,99.67,0.26,0,0.07
2021/05/01,Gourikwa,ocgt,740,99.95,0,0,0.05
2021/06/01,Gourikwa,ocgt,740,97.49,0.95,0.06,1.5
2021/07/01,Gourikwa,ocgt,740,96.88,3.06,0.06,0
2021/08/01,Gourikwa,ocgt,740,94.01,5.99,0,0
2021/09/01,Gourikwa,ocgt,740,95.13,4.87,0,0
2021/10/01,Gourikwa,ocgt,740,93.44,1.53,4.95,0.08
2021/11/01,Gourikwa,ocgt,740,97.67,1.79,0.34,0.2
2021/12/01,Gourikwa,ocgt,740,96.9,3.07,0,0.03
2022/01/01,Gourikwa,ocgt,740,99.94,0,0,0.06
2022/02/01,Gourikwa,ocgt,740,98.03,1,0.44,0.53
2022/03/01,Gourikwa,ocgt,740,94.49,5.23,0.07,0.21
2022/04/01,Gourikwa,ocgt,740,98.8,1.1,0,0.1
2022/05/01,Gourikwa,ocgt,740,98.94,0.64,0.32,0.1
2022/06/01,Gourikwa,ocgt,740,83.11,0.33,16.43,0.13
2022/07/01,Gourikwa,ocgt,740,95.2,0.94,3.86,0
2017/01/01,Grootvlei,ocgt,1120,58.43,16.96,23.16,1.45
2017/02/01,Grootvlei,ocgt,1120,53.71,17.64,27.53,1.12
2017/03/01,Grootvlei,ocgt,1120,67.31,18.02,13.97,0.7
2017/04/01,Grootvlei,ocgt,1120,67.76,18.17,13.96,0.11
2017/05/01,Grootvlei,ocgt,1120,58.9,17.93,23.17,0
2017/06/01,Grootvlei,ocgt,1120,53.92,16.96,29.12,0
2017/07/01,Grootvlei,ocgt,1120,61.06,19.21,19.73,0
2017/08/01,Grootvlei,ocgt,1120,68.22,22.29,9.46,0.03
2017/09/01,Grootvlei,ocgt,1120,82.36,11.72,5.55,0.37
2017/10/01,Grootvlei,ocgt,1120,55.96,5.72,38.32,0
2017/11/01,Grootvlei,ocgt,1120,71.95,3.35,24.49,0.21
2017/12/01,Grootvlei,ocgt,1120,49.32,0,34.3,16.38
2018/01/01,Grootvlei,ocgt,1120,35.78,0.14,36.15,27.93
2018/02/01,Grootvlei,ocgt,1120,26.32,0,41.54,32.14
2018/03/01,Grootvlei,ocgt,1120,27.74,0,40.12,32.14
2018/04/01,Grootvlei,ocgt,570,56.51,6.41,37.08,0
2018/05/01,Grootvlei,ocgt,570,57.87,0,42.13,0
2018/06/01,Grootvlei,ocgt,570,50.07,3.35,46.58,0
2018/07/01,Grootvlei,ocgt,570,61.71,0,38.29,0
2018/08/01,Grootvlei,ocgt,570,62.15,0,37.85,0
2018/09/01,Grootvlei,ocgt,570,37.08,25.87,37.05,0
2018/10/01,Grootvlei,ocgt,570,54.12,9.53,36.35,0
2018/11/01,Grootvlei,ocgt,570,61.64,0,38.36,0
2018/12/01,Grootvlei,ocgt,570,65.1,7.53,27.37,0
2019/01/01,Grootvlei,ocgt,570,75.88,0.13,23.96,0.03
2019/02/01,Grootvlei,ocgt,570,77.81,0,22.19,0
2019/03/01,Grootvlei,ocgt,570,76.96,2.78,20.25,0.01
2019/04/01,Grootvlei,ocgt,570,81.44,7.85,10.71,0
2019/05/01,Grootvlei,ocgt,570,62.13,17.48,20.39,0
2019/06/01,Grootvlei,ocgt,570,27.9,33.33,38.77,0
2019/07/01,Grootvlei,ocgt,570,45.72,32.33,21.94,0.01
2019/08/01,Grootvlei,ocgt,570,60.22,35.89,3.89,0
2019/09/01,Grootvlei,ocgt,570,57.31,22.45,20.24,0
2019/10/01,Grootvlei,ocgt,570,80.22,0,19.65,0.13
2019/11/01,Grootvlei,ocgt,570,55.59,0,44.02,0.39
2019/12/01,Grootvlei,ocgt,570,42.72,6.51,47.03,3.74
2020/01/01,Grootvlei,ocgt,570,61.53,0.07,38.26,0.14
2020/02/01,Grootvlei,ocgt,570,39.06,5.22,55.72,0
2020/03/01,Grootvlei,ocgt,570,43.04,4.06,52.88,0.02
2020/04/01,Grootvlei,ocgt,570,83.69,0.72,15.59,0
2020/05/01,Grootvlei,ocgt,570,79.8,3.36,16.84,0
2020/06/01,Grootvlei,ocgt,570,85.84,3.39,10.77,0
2020/07/01,Grootvlei,ocgt,570,81.37,3.36,15.27,0
2020/08/01,Grootvlei,ocgt,570,73.68,10.16,15.99,0.17
2020/09/01,Grootvlei,ocgt,570,74.43,0,25.57,0
2020/10/01,Grootvlei,ocgt,570,61.91,18.6,17.82,1.67
2020/11/01,Grootvlei,ocgt,570,53.03,26.21,20.76,0
2020/12/01,Grootvlei,ocgt,570,66.03,0,33.97,0
2021/01/01,Grootvlei,ocgt,570,57.83,13.03,29.14,0
2021/02/01,Grootvlei,ocgt,570,34.51,3.78,61.71,0
2021/03/01,Grootvlei,ocgt,570,78.56,6.13,15.31,0
2021/04/01,Grootvlei,ocgt,570,71.29,13.38,15.33,0
2021/05/01,Grootvlei,ocgt,570,75.39,7.79,16.82,0
2021/06/01,Grootvlei,ocgt,570,71.84,10.96,17.2,0
2021/07/01,Grootvlei,ocgt,570,51.66,21.99,26.35,0
2021/08/01,Grootvlei,ocgt,570,57.9,4.49,37.11,0.5
2021/09/01,Grootvlei,ocgt,570,50.1,37.27,12.62,0.01
2021/10/01,Grootvlei,ocgt,570,49.02,18.41,32.57,0
2021/11/01,Grootvlei,ocgt,570,35.97,44.84,19.19,0
2021/12/01,Grootvlei,ocgt,570,30.32,49.46,19.8,0.42
2022/01/01,Grootvlei,ocgt,570,37.97,12.08,49.95,0
2022/02/01,Grootvlei,ocgt,570,49.27,7.46,43.27,0
2022/03/01,Grootvlei,ocgt,570,71.43,0.12,26.58,1.87
2022/04/01,Grootvlei,ocgt,570,54.87,6.74,34.75,3.64
2022/05/01,Grootvlei,ocgt,570,69.85,4.97,22.15,3.03
2022/06/01,Grootvlei,ocgt,570,64.58,14.25,16.25,4.92
2022/07/01,Grootvlei,ocgt,570,38.44,40.8,18.38,2.38
2017/01/01,Hendrina,coal,1793,68.84,11.2,19.96,0
2017/02/01,Hendrina,coal,1793,59.14,12.64,28.21,0.01
2017/03/01,Hendrina,coal,1793,50.79,20.62,28.59,0
2017/04/01,Hendrina,coal,1793,59.1,19.26,21.64,0
2017/05/01,Hendrina,coal,1793,59,12.32,28.68,0
2017/06/01,Hendrina,coal,1608,68.25,10.21,21.28,0.26
2017/07/01,Hendrina,coal,1608,73.05,7.74,19.21,0
2017/08/01,Hendrina,coal,1608,76.73,7.6,8.29,7.38
2017/09/01,Hendrina,coal,1608,58.55,9.95,27.4,4.1
2017/10/01,Hendrina,coal,1608,72.75,14.35,12.9,0
2017/11/01,Hendrina,coal,1608,62.92,11.84,25.24,0
2017/12/01,Hendrina,coal,1608,75.8,0.05,14.2,9.95
2018/01/01,Hendrina,coal,1638,72.93,1.3,16,9.77
2018/02/01,Hendrina,coal,1638,60.94,11.38,17.91,9.77
2018/03/01,Hendrina,coal,1638,67.62,1.84,20.77,9.77
2018/04/01,Hendrina,coal,1478,79.16,3,17.84,0
2018/05/01,Hendrina,coal,1478,76.86,4.97,18.17,0
2018/06/01,Hendrina,coal,1478,58.08,10.33,26.15,5.44
2018/07/01,Hendrina,coal,1478,71.53,5.8,20.49,2.18
2018/08/01,Hendrina,coal,1478,68.14,2.92,11.73,17.21
2018/09/01,Hendrina,coal,1478,62.86,7.03,20.77,9.34
2018/10/01,Hendrina,coal,1293,72.66,7.73,19.6,0.01
2018/11/01,Hendrina,coal,1293,74.66,8.44,16.9,0
2018/12/01,Hendrina,coal,1293,72.64,9.98,17.38,0
2019/01/01,Hendrina,coal,1293,58.13,11.19,30.68,0
2019/02/01,Hendrina,coal,1293,47.9,19.05,33.05,0
2019/03/01,Hendrina,coal,1293,59.59,7.88,32.53,0
2019/04/01,Hendrina,coal,1325,59.23,1.74,39.03,0
2019/05/01,Hendrina,coal,1325,61.67,0,38.33,0
2019/06/01,Hendrina,coal,1135,56.72,5.09,38.19,0
2019/07/01,Hendrina,coal,1135,49.02,5.27,45.71,0
2019/08/01,Hendrina,coal,1135,59.56,3.71,36.73,0
2019/09/01,Hendrina,coal,1135,49.25,19.33,31.42,0
2019/10/01,Hendrina,coal,1135,45.43,4.47,46.57,3.53
2019/11/01,Hendrina,coal,1135,55.75,8.86,34.98,0.41
2019/12/01,Hendrina,coal,1135,43.4,24.13,32.46,0.01
2020/01/01,Hendrina,coal,1135,36.92,39.79,22.21,1.08
2020/02/01,Hendrina,coal,1135,35.95,28.62,35.43,0
2020/03/01,Hendrina,coal,1135,47.29,6.59,46.12,0
2020/04/01,Hendrina,coal,1135,41.79,10.65,47.56,0
2020/05/01,Hendrina,coal,1135,37.92,20.12,41.96,0
2020/06/01,Hendrina,coal,1135,46.21,3.56,50.23,0
2020/07/01,Hendrina,coal,1135,43.32,2.53,53.54,0.61
2020/08/01,Hendrina,coal,1135,60.05,2.91,37.04,0
2020/09/01,Hendrina,coal,1135,62.29,5.74,31.97,0
2020/10/01,Hendrina,coal,1135,65.84,4.88,28.42,0.86
2020/11/01,Hendrina,coal,1135,71.58,6.55,21.87,0
2020/12/01,Hendrina,coal,1135,61.14,15.56,23.3,0
2021/01/01,Hendrina,coal,1135,50.37,21.82,26.88,0.93
2021/02/01,Hendrina,coal,1135,49.45,21.83,26.61,2.11
2021/03/01,Hendrina,coal,1135,46.31,21.16,30.93,1.6
2021/04/01,Hendrina,coal,1140,52.88,0.95,44.76,1.41
2021/05/01,Hendrina,coal,1107,72.2,0,25.98,1.82
2021/06/01,Hendrina,coal,1098,60.75,0.77,36.34,2.14
2021/07/01,Hendrina,coal,1098,55.74,0.11,43.67,0.48
2021/08/01,Hendrina,coal,1098,65.79,1.14,32.79,0.28
2021/09/01,Hendrina,coal,1098,63.05,6.77,28.51,1.67
2021/10/01,Hendrina,coal,1098,42.8,8.49,48.64,0.07
2021/11/01,Hendrina,coal,1098,22.86,11.36,65.78,0
2021/12/01,Hendrina,coal,1098,44.47,4.15,51.38,0
2022/01/01,Hendrina,coal,1098,58.29,0.05,41.66,0
2022/02/01,Hendrina,coal,1098,31.65,6.18,62.17,0
2022/03/01,Hendrina,coal,1098,40.57,0,59.43,0
2022/04/01,Hendrina,coal,1098,43.22,8.98,47.8,0
2022/05/01,Hendrina,coal,1098,29.1,0.02,70.88,0
2022/06/01,Hendrina,coal,1098,26.95,0,51.82,21.23
2022/07/01,Hendrina,coal,1098,31.51,12.72,50.56,5.21
2017/07/01,Ingula,phs,331,99.2,0,0.8,0
2017/08/01,Ingula,phs,331,71.18,27.64,1.18,0
2017/09/01,Ingula,phs,993,99.48,0,0.52,0
2017/10/01,Ingula,phs,993,99.45,0,0.55,0
2017/11/01,Ingula,phs,993,70.44,29.52,0.04,0
2017/12/01,Ingula,phs,993,66.67,33.33,0,0
2018/01/01,Ingula,phs,993,66.2,33.33,0.47,0
2018/02/01,Ingula,phs,1324,85.57,14.24,0.19,0
2018/03/01,Ingula,phs,1324,99.9,0,0.09,0.01
2018/04/01,Ingula,phs,1324,98.34,1,0.63,0.03
2018/05/01,Ingula,phs,1324,98.13,1.46,0.41,0
2018/06/01,Ingula,phs,1324,99.81,0,0.19,0
2018/07/01,Ingula,phs,1324,98.54,1.44,0.02,0
2018/08/01,Ingula,phs,1324,98.42,0.29,1.29,0
2018/09/01,Ingula,phs,1324,98.73,1.03,0.02,0.22
2018/10/01,Ingula,phs,1324,78.03,21.93,0.04,0
2018/11/01,Ingula,phs,1324,49.98,50,0.02,0
2018/12/01,Ingula,phs,1324,50.28,49.3,0.42,0
2019/01/01,Ingula,phs,1324,60.29,39.69,0.02,0
2019/02/01,Ingula,phs,1324,49.93,50,0.07,0
2019/03/01,Ingula,phs,1324,48.98,50.27,0.75,0
2019/04/01,Ingula,phs,1324,58.62,40.86,0.52,0
2019/05/01,Ingula,phs,1324,78.68,20.72,0.42,0.18
2019/06/01,Ingula,phs,1324,74.62,24.76,0.62,0
2019/07/01,Ingula,phs,1324,75.23,24.65,0.12,0
2019/08/01,Ingula,phs,1324,92.96,7.04,0,0
2019/09/01,Ingula,phs,1324,99.33,0.63,0.04,0
2019/10/01,Ingula,phs,1324,99.76,0.24,0,0
2019/11/01,Ingula,phs,1324,96.52,3.48,0,0
2019/12/01,Ingula,phs,1324,99.38,0.28,0.34,0
2020/01/01,Ingula,phs,1324,98.15,1.43,0.42,0
2020/02/01,Ingula,phs,1324,99.36,0.32,0.32,0
2020/03/01,Ingula,phs,1324,99.6,0.38,0.02,0
2020/04/01,Ingula,phs,1324,99.33,0.66,0.01,0
2020/05/01,Ingula,phs,1324,99.43,0.33,0.04,0.2
2020/06/01,Ingula,phs,1324,99.37,0.35,0.28,0
2020/07/01,Ingula,phs,1324,98.94,0.4,0.66,0
2020/08/01,Ingula,phs,1324,86.8,13.2,0,0
2020/09/01,Ingula,phs,1324,80.71,19.1,0.07,0.12
2020/10/01,Ingula,phs,1324,83.93,15.91,0.16,0
2020/11/01,Ingula,phs,1324,87.56,0.38,12.06,0
2020/12/01,Ingula,phs,1324,91.91,0.74,7.35,0
2021/01/01,Ingula,phs,1324,99.85,0,0.15,0
2021/02/01,Ingula,phs,1324,99.47,0.23,0.3,0
2021/03/01,Ingula,phs,1324,99.71,0,0.29,0
2021/04/01,Ingula,phs,1324,99.18,0.65,0.17,0
2021/05/01,Ingula,phs,1324,99.15,0.67,0.18,0
2021/06/01,Ingula,phs,1324,96.25,3.17,0.58,0
2021/07/01,Ingula,phs,1324,83.04,15.84,1.12,0
2021/08/01,Ingula,phs,1324,86.29,13.26,0.45,0
2021/09/01,Ingula,phs,1324,99.35,0,0.52,0.13
2021/10/01,Ingula,phs,1324,99.48,0.27,0.24,0.01
2021/11/01,Ingula,phs,1324,99.27,0.66,0.07,0
2021/12/01,Ingula,phs,1324,97.39,2.55,0.06,0
2022/01/01,Ingula,phs,1324,83.03,16.96,0.01,0
2022/02/01,Ingula,phs,1324,80.88,18.38,0.74,0
2022/03/01,Ingula,phs,1324,81.16,18.65,0.16,0.03
2022/04/01,Ingula,phs,1324,74.8,25,0.2,0
2022/05/01,Ingula,phs,1324,55.36,20.69,23.95,0
2022/06/01,Ingula,phs,1324,67.83,7.13,25.04,0
2022/07/01,Ingula,phs,1324,50,25,25,0
2017/01/01,Kendal,coal,3840,76.13,22.9,0.97,0
2017/02/01,Kendal,coal,3840,82.71,16.67,0.61,0.01
2017/03/01,Kendal,coal,3840,97.08,1.29,1.62,0.01
2017/04/01,Kendal,coal,3840,96.14,0,3.86,0
2017/05/01,Kendal,coal,3840,98.47,1.43,0.1,0
2017/06/01,Kendal,coal,3840,92.04,4.77,3.19,0
2017/07/01,Kendal,coal,3840,98.2,1.34,0.46,0
2017/08/01,Kendal,coal,3840,95.49,2.95,1.56,0
2017/09/01,Kendal,coal,3840,94.8,3.24,1.96,0
2017/10/01,Kendal,coal,3840,96.26,1.29,2.26,0.19
2017/11/01,Kendal,coal,3840,97.38,0.05,2.57,0
2017/12/01,Kendal,coal,3840,90.23,1.52,7.27,0.98
2018/01/01,Kendal,coal,3840,80.19,6.47,10.7,2.64
2018/02/01,Kendal,coal,3840,73.72,20.62,5.66,0
2018/03/01,Kendal,coal,3840,86.29,0.58,12.83,0.3
2018/04/01,Kendal,coal,3840,87.96,2.8,9.24,0
2018/05/01,Kendal,coal,3840,95.32,0.2,4.48,0
2018/06/01,Kendal,coal,3840,84.79,1.16,11.37,2.68
2018/07/01,Kendal,coal,3840,84.32,1.35,14.33,0
2018/08/01,Kendal,coal,3840,68.89,8.8,21.72,0.59
2018/09/01,Kendal,coal,3840,78.25,3.49,18.26,0
2018/10/01,Kendal,coal,3840,64.82,15.39,19.78,0.01
2018/11/01,Kendal,coal,3840,57.75,19.32,22.93,0
2018/12/01,Kendal,coal,3840,45.81,32.95,21.23,0.01
2019/01/01,Kendal,coal,3840,58.9,19.67,21.28,0.15
2019/02/01,Kendal,coal,3840,48.36,15.34,36.3,0
2019/03/01,Kendal,coal,3840,49.41,8.18,42.41,0
2019/04/01,Kendal,coal,3840,61.97,12.67,25.36,0
2019/05/01,Kendal,coal,3840,60.4,17.88,21.72,0
2019/06/01,Kendal,coal,3840,72.07,7.28,20.65,0
2019/07/01,Kendal,coal,3840,62.38,8.45,29.17,0
2019/08/01,Kendal,coal,3840,46.15,30.44,23.41,0
2019/09/01,Kendal,coal,3840,48.59,36.21,14.05,1.15
2019/10/01,Kendal,coal,3840,48.36,19.02,32.62,0
2019/11/01,Kendal,coal,3840,49.67,21.56,28.61,0.16
2019/12/01,Kendal,coal,3840,48.34,3.72,47.69,0.25
2020/01/01,Kendal,coal,3840,55.93,9.27,34.33,0.47
2020/02/01,Kendal,coal,3840,45.42,12.77,41.81,0
2020/03/01,Kendal,coal,3840,55.91,9.09,35,0
2020/04/01,Kendal,coal,3840,42.2,26.36,31.44,0
2020/05/01,Kendal,coal,3840,60.31,3.81,35.88,0
2020/06/01,Kendal,coal,3840,60.28,7.34,32.38,0
2020/07/01,Kendal,coal,3840,48.34,17.76,33.9,0
2020/08/01,Kendal,coal,3840,54.62,20.98,24.4,0
2020/09/01,Kendal,coal,3840,62.1,16.84,21.06,0
2020/10/01,Kendal,coal,3840,54.87,21.34,23.79,0
2020/11/01,Kendal,coal,3840,48.48,28.4,23.12,0
2020/12/01,Kendal,coal,3840,23.94,43.48,32.58,0
2021/01/01,Kendal,coal,3840,34.85,42.44,22.71,0
2021/02/01,Kendal,coal,3840,42.21,35.19,22.6,0
2021/03/01,Kendal,coal,3840,47.46,32.26,20.28,0
2021/04/01,Kendal,coal,3840,41.78,25.36,32.86,0
2021/05/01,Kendal,coal,3840,39.59,28.39,32.02,0
2021/06/01,Kendal,coal,3840,50.33,4.86,44.81,0
2021/07/01,Kendal,coal,3840,52.48,4.29,43.23,0
2021/08/01,Kendal,coal,3840,55.73,1.21,43.06,0
2021/09/01,Kendal,coal,3840,45.64,3.31,51.05,0
2021/10/01,Kendal,coal,3840,36.46,3.61,59.93,0
2021/11/01,Kendal,coal,3840,35.56,8.9,55.54,0
2021/12/01,Kendal,coal,3840,38.63,4.11,57.26,0
2022/01/01,Kendal,coal,3840,45.7,24.33,29.97,0
2022/02/01,Kendal,coal,3840,53.25,19.77,26.98,0
2022/03/01,Kendal,coal,3840,56.76,16.67,26.57,0
2022/04/01,Kendal,coal,3840,51.62,17.82,30.56,0
2022/05/01,Kendal,coal,3840,56.37,5.35,38.28,0
2022/06/01,Kendal,coal,3840,56.46,4.1,39.44,0
2022/07/01,Kendal,coal,3840,47.11,13.66,39.23,0
2017/01/01,Koeberg,nuclear,1860,99.75,0.03,0.22,0
2017/02/01,Koeberg,nuclear,1860,98.43,0,0.15,1.42
2017/03/01,Koeberg,nuclear,1860,90.16,0,0,9.84
2017/04/01,Koeberg,nuclear,1860,67.95,21.42,0.6,10.03
2017/05/01,Koeberg,nuclear,1860,57.49,42.09,0.42,0
2017/06/01,Koeberg,nuclear,1860,99.16,0.02,0.82,0
2017/07/01,Koeberg,nuclear,1860,99.68,0,0.32,0
2017/08/01,Koeberg,nuclear,1860,99.76,0,0.24,0
2017/09/01,Koeberg,nuclear,1860,99.8,0,0.2,0
2017/10/01,Koeberg,nuclear,1860,99.73,0,0.27,0
2017/11/01,Koeberg,nuclear,1860,99.67,0,0.33,0
2017/12/01,Koeberg,nuclear,1860,99.69,0,0.31,0
2018/01/01,Koeberg,nuclear,1860,79.86,0,19.1,1.04
2018/02/01,Koeberg,nuclear,1860,92.97,5.14,0.19,1.7
2018/03/01,Koeberg,nuclear,1860,50,50,0,0
2018/04/01,Koeberg,nuclear,1860,50,50,0,0
2018/05/01,Koeberg,nuclear,1860,44.07,37.29,18.64,0
2018/06/01,Koeberg,nuclear,1860,61.04,4.72,34.24,0
2018/07/01,Koeberg,nuclear,1860,94.28,0,5.24,0.48
2018/08/01,Koeberg,nuclear,1860,88.72,0,4.14,7.14
2018/09/01,Koeberg,nuclear,1860,68.14,21.53,1.59,8.74
2018/10/01,Koeberg,nuclear,1860,49.32,50,0.68,0
2018/11/01,Koeberg,nuclear,1860,49.33,50,0.67,0
2018/12/01,Koeberg,nuclear,1860,54.23,25.1,20.33,0.34
2019/01/01,Koeberg,nuclear,1860,99,0.04,0.85,0.11
2019/02/01,Koeberg,nuclear,1860,99.27,0,0.73,0
2019/03/01,Koeberg,nuclear,1860,99.18,0,0.65,0.17
2019/04/01,Koeberg,nuclear,1860,99.38,0,0.62,0
2019/05/01,Koeberg,nuclear,1860,81.01,0,18.62,0.37
2019/06/01,Koeberg,nuclear,1860,99.11,0,0.89,0
2019/07/01,Koeberg,nuclear,1860,97.01,0,2.99,0
2019/08/01,Koeberg,nuclear,1860,98.92,0,1.08,0
2019/09/01,Koeberg,nuclear,1860,81.21,18.22,0.57,0
2019/10/01,Koeberg,nuclear,1860,50,50,0,0
2019/11/01,Koeberg,nuclear,1860,49.96,50,0,0.04
2019/12/01,Koeberg,nuclear,1860,49.85,43.65,6.35,0.15
2020/01/01,Koeberg,nuclear,1860,86.24,4.46,9.3,0
2020/02/01,Koeberg,nuclear,1860,98.97,0,0.6,0.43
2020/03/01,Koeberg,nuclear,1860,85.46,0,7.6,6.94
2020/04/01,Koeberg,nuclear,1860,97.89,0,0.82,1.29
2020/05/01,Koeberg,nuclear,1860,99.28,0,0.72,0
2020/06/01,Koeberg,nuclear,1860,99.15,0,0.59,0.26
2020/07/01,Koeberg,nuclear,1860,84.4,0,5.03,10.57
2020/08/01,Koeberg,nuclear,1860,58.33,33.69,0.89,7.09
2020/09/01,Koeberg,nuclear,1860,49.15,50,0.85,0
2020/10/01,Koeberg,nuclear,1860,61.53,12.65,25.82,0
2020/11/01,Koeberg,nuclear,1860,98.58,0,1.42,0
2020/12/01,Koeberg,nuclear,1860,95.97,0,4.03,0
2021/01/01,Koeberg,nuclear,1860,54.21,0,45.79,0
2021/02/01,Koeberg,nuclear,1860,49.85,37.28,12.87,0
2021/03/01,Koeberg,nuclear,1860,49.71,50,0.29,0
2021/04/01,Koeberg,nuclear,1860,49.8,38.54,11.66,0
2021/05/01,Koeberg,nuclear,1860,49.86,0,50.14,0
2021/06/01,Koeberg,nuclear,1860,67.55,4.7,27.75,0
2021/07/01,Koeberg,nuclear,1860,99.03,0,0.97,0
2021/08/01,Koeberg,nuclear,1860,97.05,0,2.95,0
2021/09/01,Koeberg,nuclear,1854,93.98,0,6.02,0
2021/10/01,Koeberg,nuclear,1854,91.27,0,8.73,0
2021/11/01,Koeberg,nuclear,1854,97.84,0,2.16,0
2021/12/01,Koeberg,nuclear,1854,97.59,0,0.5,1.91
2022/01/01,Koeberg,nuclear,1854,69.86,22.42,2.68,5.04
2022/02/01,Koeberg,nuclear,1854,49.41,50.16,0.43,0
2022/03/01,Koeberg,nuclear,1854,49.21,50.16,0.53,0.1
2022/04/01,Koeberg,nuclear,1854,49.25,50.16,0.59,0
2022/05/01,Koeberg,nuclear,1854,49.25,50.16,0.59,0
2022/06/01,Koeberg,nuclear,1854,49.13,35.36,15.51,0
2022/07/01,Koeberg,nuclear,1854,49.41,0,50.59,0
2017/01/01,Komati,coal,904,74.68,17.27,7.91,0.14
2017/02/01,Komati,coal,904,65.57,23.74,8.43,2.26
2017/03/01,Komati,coal,904,67.65,22.46,9.89,0
2017/04/01,Komati,coal,904,70.97,25.89,1.79,1.35
2017/05/01,Komati,coal,904,72.11,23.02,4.78,0.09
2017/06/01,Komati,coal,904,66.26,23.25,10.19,0.3
2017/07/01,Komati,coal,904,66.53,25.8,7.63,0.04
2017/08/01,Komati,coal,904,64.71,23.61,10.61,1.07
2017/09/01,Komati,coal,904,62.89,22.13,14.98,0
2017/10/01,Komati,coal,904,62.08,23.36,14.18,0.38
2017/11/01,Komati,coal,904,54,23.23,22.77,0
2017/12/01,Komati,coal,904,37.05,18.9,28.11,15.94
2018/01/01,Komati,coal,904,41.59,14.8,20.93,22.68
2018/02/01,Komati,coal,904,39.54,16.97,20.7,22.79
2018/03/01,Komati,coal,904,43.1,10.24,23.61,23.05
2018/04/01,Komati,coal,699,47.87,8.66,43.37,0.1
2018/05/01,Komati,coal,699,43.34,0.08,56.43,0.15
2018/06/01,Komati,coal,699,48.14,0,51.77,0.09
2018/07/01,Komati,coal,699,30.79,9.27,59.94,0
2018/08/01,Komati,coal,585,50.11,9.99,28.03,11.87
2018/09/01,Komati,coal,410,47.03,4.52,34.42,14.03
2018/10/01,Komati,coal,410,62.48,7.31,30.21,0
2018/11/01,Komati,coal,410,38.44,5.18,56.38,0
2018/12/01,Komati,coal,410,38.88,0.07,61.05,0
2019/01/01,Komati,coal,410,72.46,2.96,24.27,0.31
2019/02/01,Komati,coal,410,69.58,3.59,26.83,0
2019/03/01,Komati,coal,410,53.25,17.14,29.61,0
2019/04/01,Komati,coal,410,72.56,0.36,27.08,0
2019/05/01,Komati,coal,410,64.94,6.27,16.66,12.13
2019/06/01,Komati,coal,319,75.7,1.04,23.26,0
2019/07/01,Komati,coal,319,75.39,5.13,19.48,0
2019/08/01,Komati,coal,319,47.05,13.15,39.8,0
2019/09/01,Komati,coal,205,75.91,0.87,23.22,0
2019/10/01,Komati,coal,205,89.96,0,10.04,0
2019/11/01,Komati,coal,205,57.78,0.14,42.08,0
2019/12/01,Komati,coal,205,79.08,5.23,15.69,0
2020/01/01,Komati,coal,205,27.29,50.01,22.7,0
2020/02/01,Komati,coal,205,77.67,5.08,17.25,0
2020/03/01,Komati,coal,205,86.39,0,13.61,0
2020/04/01,Komati,coal,205,38.29,39.88,21.83,0
2020/05/01,Komati,coal,205,49.77,30.75,19.48,0
2020/06/01,Komati,coal,114,96.02,0,3.98,0
2020/07/01,Komati,coal,114,70.21,16.4,13.39,0
2020/08/01,Komati,coal,114,71.42,0,28.58,0
2020/09/01,Komati,coal,114,68.89,0,31.11,0
2020/10/01,Komati,coal,114,99.17,0,0.83,0
2020/11/01,Komati,coal,114,66.46,0,33.54,0
2020/12/01,Komati,coal,114,85.77,0,14.23,0
2021/01/01,Komati,coal,114,86.67,0.75,12.58,0
2021/02/01,Komati,coal,114,74,0,26,0
2021/03/01,Komati,coal,114,47.25,48.38,4.37,0
2021/04/01,Komati,coal,114,43.3,0,56.7,0
2021/05/01,Komati,coal,114,63.65,13.44,22.91,0
2021/06/01,Komati,coal,114,99.22,0,0.78,0
2021/07/01,Komati,coal,114,97.66,1.09,1.25,0
2021/08/01,Komati,coal,114,67.74,20.56,11.7,0
2021/09/01,Komati,coal,114,72.05,13.41,14.54,0
2021/10/01,Komati,coal,114,63.03,16.4,20.57,0
2021/11/01,Komati,coal,114,81.72,0,15.53,2.75
2021/12/01,Komati,coal,114,68.1,0,31.9,0
2022/01/01,Komati,coal,114,77.34,4.28,18.38,0
2022/02/01,Komati,coal,114,0,98.83,1.17,0
2022/03/01,Komati,coal,114,88.21,0,11.79,0
2022/04/01,Komati,coal,114,86.14,0.63,13.23,0
2022/05/01,Komati,coal,114,98.11,0.99,0.9,0
2022/06/01,Komati,coal,114,62.59,0,37.41,0
2022/07/01,Komati,coal,114,10.52,0,89.48,0
2017/01/01,Kriel,coal,2850,66.78,14.33,18.2,0.69
2017/02/01,Kriel,coal,2850,68.63,17.94,11.01,2.42
2017/03/01,Kriel,coal,2850,62.81,20.51,15.36,1.32
2017/04/01,Kriel,coal,2850,71.11,14.49,13.76,0.64
2017/05/01,Kriel,coal,2850,74.59,2.15,23.26,0
2017/06/01,Kriel,coal,2850,75.22,6.67,18.11,0
2017/07/01,Kriel,coal,2850,71.29,18.83,9.88,0
2017/08/01,Kriel,coal,2850,66.53,25.05,7.66,0.76
2017/09/01,Kriel,coal,2850,65.66,18.36,15.98,0
2017/10/01,Kriel,coal,2850,64.16,20.86,14.98,0
2017/11/01,Kriel,coal,2850,66.16,19.97,13.87,0
2017/12/01,Kriel,coal,2850,45.16,32.05,22.79,0
2018/01/01,Kriel,coal,2850,37.94,45.42,16.64,0
2018/02/01,Kriel,coal,2850,52.08,14.84,33.08,0
2018/03/01,Kriel,coal,2850,62.89,0,37.11,0
2018/04/01,Kriel,coal,2850,61.65,18.94,19.09,0.32
2018/05/01,Kriel,coal,2850,53.41,19.64,25.67,1.28
2018/06/01,Kriel,coal,2850,56.61,16.67,23.61,3.11
2018/07/01,Kriel,coal,2850,57.28,5.69,36.45,0.58
2018/08/01,Kriel,coal,2850,60.71,5.45,33.84,0
2018/09/01,Kriel,coal,2850,52.64,10.64,36.72,0
2018/10/01,Kriel,coal,2850,51.43,21.73,26.3,0.54
2018/11/01,Kriel,coal,2850,52.18,5.65,41.47,0.7
2018/12/01,Kriel,coal,2850,52.07,2.21,45.72,0
2019/01/01,Kriel,coal,2850,62.41,3.65,32.69,1.25
2019/02/01,Kriel,coal,2850,58.6,0,38.42,2.98
2019/03/01,Kriel,coal,2850,54.71,3.14,41.48,0.67
2019/04/01,Kriel,coal,2850,49.83,4.76,44.66,0.75
2019/05/01,Kriel,coal,2850,70.53,1.65,27.01,0.81
2019/06/01,Kriel,coal,2850,75.23,4.29,16.95,3.53
2019/07/01,Kriel,coal,2850,63.21,16.67,15.24,4.88
2019/08/01,Kriel,coal,2850,59.56,22.14,14.78,3.52
2019/09/01,Kriel,coal,2850,57.28,17.65,17.64,7.43
2019/10/01,Kriel,coal,2850,63.65,10.24,20.14,5.97
2019/11/01,Kriel,coal,2850,64.71,4.56,22.11,8.62
2019/12/01,Kriel,coal,2850,49.57,12.95,26.3,11.18
2020/01/01,Kriel,coal,2850,51.65,7.72,29.08,11.55
2020/02/01,Kriel,coal,2850,56.68,17.13,18.07,8.12
2020/03/01,Kriel,coal,2850,54.06,15.83,24.05,6.06
2020/04/01,Kriel,coal,2850,58.75,10.34,25.17,5.74
2020/05/01,Kriel,coal,2850,59.08,1.08,34.17,5.67
2020/06/01,Kriel,coal,2850,56.55,13.74,24.57,5.14
2020/07/01,Kriel,coal,2850,48.38,25.07,22.26,4.29
2020/08/01,Kriel,coal,2850,53.08,26.08,17.47,3.37
2020/09/01,Kriel,coal,2850,54.49,11.34,31.49,2.68
2020/10/01,Kriel,coal,2850,38.53,15.1,44.81,1.56
2020/11/01,Kriel,coal,2850,47.35,17.38,32.66,2.61
2020/12/01,Kriel,coal,2850,49.93,14.26,33.08,2.73
2021/01/01,Kriel,coal,2850,47.66,6.75,42.94,2.65
2021/02/01,Kriel,coal,2850,47.44,21.51,27.92,3.13
2021/03/01,Kriel,coal,2850,46.07,14.85,34.68,4.4
2021/04/01,Kriel,coal,2850,56.59,7.36,30.82,5.23
2021/05/01,Kriel,coal,2850,59.23,18.75,16.11,5.91
2021/06/01,Kriel,coal,2850,58.35,13.59,21.36,6.7
2021/07/01,Kriel,coal,2850,58.43,1.87,33.3,6.4
2021/08/01,Kriel,coal,2850,55.15,17.78,21.77,5.3
2021/09/01,Kriel,coal,2850,47.08,23.21,25.2,4.51
2021/10/01,Kriel,coal,2850,42.05,21.34,33.29,3.32
2021/11/01,Kriel,coal,2850,54.08,8.07,34.12,3.73
2021/12/01,Kriel,coal,2850,57.32,6.5,29.04,7.14
2022/01/01,Kriel,coal,2850,56.65,9.3,27.83,6.22
2022/02/01,Kriel,coal,2850,54.66,17.1,21.73,6.51
2022/03/01,Kriel,coal,2850,47.63,21.15,24.62,6.6
2022/04/01,Kriel,coal,2640,44.25,17.99,37.76,0
2022/05/01,Kriel,coal,2640,54.9,6.85,38.25,0
2022/06/01,Kriel,coal,2640,60.25,2.12,33.12,4.51
2022/07/01,Kriel,coal,2640,51.19,4.86,42.59,1.36
2018/09/01,Kusile,coal,720,56.29,0,35.19,8.52
2018/10/01,Kusile,coal,720,46.49,0,42.41,11.1
2018/11/01,Kusile,coal,720,17.1,57.55,25.35,0
2018/12/01,Kusile,coal,720,0,100,0,0
2019/01/01,Kusile,coal,720,0,100,0,0
2019/02/01,Kusile,coal,720,0,99.98,0.02,0
2019/03/01,Kusile,coal,720,44.68,0.14,55.18,0
2019/04/01,Kusile,coal,720,52.22,14.6,33.18,0
2019/05/01,Kusile,coal,720,81.08,3.34,15.58,0
2019/06/01,Kusile,coal,720,64.02,2.54,33.44,0
2019/07/01,Kusile,coal,720,20.92,10.35,68.73,0
2019/08/01,Kusile,coal,720,34.71,0.04,65.25,0
2019/09/01,Kusile,coal,720,46.66,0,53.34,0
2019/10/01,Kusile,coal,720,49.49,0,50.51,0
2019/11/01,Kusile,coal,720,64.44,0,35.56,0
2019/12/01,Kusile,coal,720,42.19,8.98,48.83,0
2020/01/01,Kusile,coal,720,51.17,2.15,46.68,0
2020/02/01,Kusile,coal,720,51.56,0,48.44,0
2020/03/01,Kusile,coal,720,47.68,11.96,40.36,0
2020/04/01,Kusile,coal,720,0,100,0,0
2020/05/01,Kusile,coal,720,66.75,13.3,19.95,0
2020/06/01,Kusile,coal,720,89.79,0.12,10.09,0
2020/07/01,Kusile,coal,720,86.96,0,13.04,0
2020/08/01,Kusile,coal,720,88.51,0,11.49,0
2020/09/01,Kusile,coal,720,85.78,7.86,6.36,0
2020/10/01,Kusile,coal,720,96.6,0,3.39,0.01
2020/11/01,Kusile,coal,720,82.02,0.53,17.45,0
2020/12/01,Kusile,coal,720,52.43,23.72,23.85,0
2021/01/01,Kusile,coal,720,17.03,57.06,25.91,0
2021/02/01,Kusile,coal,720,29.2,0,70.8,0
2021/03/01,Kusile,coal,720,44.4,0,55.6,0
2021/04/01,Kusile,coal,720,43.23,0,56.77,0
2021/05/01,Kusile,coal,720,41.23,0,58.77,0
2021/06/01,Kusile,coal,720,6.8,61.95,31.25,0
2021/07/01,Kusile,coal,720,0,100,0,0
2021/08/01,Kusile,coal,720,0,100,0,0
2021/09/01,Kusile,coal,720,31.9,13.04,55.06,0
2021/10/01,Kusile,coal,720,44.44,0,55.56,0
2021/11/01,Kusile,coal,1440,29.59,50.02,20.39,0
2021/12/01,Kusile,coal,1440,15.49,50,34.51,0
2022/01/01,Kusile,coal,1440,27.5,49.39,23.11,0
2022/02/01,Kusile,coal,1440,36.2,3.85,59.95,0
2022/03/01,Kusile,coal,1440,38.34,0,61.66,0
2022/04/01,Kusile,coal,2160,24.96,33.33,41.71,0
2022/05/01,Kusile,coal,2160,33.69,10.82,55.49,0
2022/06/01,Kusile,coal,2160,61.79,7.24,30.97,0
2022/07/01,Kusile,coal,2160,57.61,0,42.39,0
2017/01/01,Lethabo,coal,3558,72.21,16.42,11.37,0
2017/02/01,Lethabo,coal,3558,78.63,16.67,4.7,0
2017/03/01,Lethabo,coal,3558,79.8,16.85,3.35,0
2017/04/01,Lethabo,coal,3558,81.5,13.3,5.2,0
2017/05/01,Lethabo,coal,3558,93.39,0.56,6.05,0
2017/06/01,Lethabo,coal,3558,92.76,2.23,5.01,0
2017/07/01,Lethabo,coal,3558,91.76,7.01,1.23,0
2017/08/01,Lethabo,coal,3558,91.99,0.36,7.65,0
2017/09/01,Lethabo,coal,3558,80.97,3.9,15.13,0
2017/10/01,Lethabo,coal,3558,96.04,0.54,3.42,0
2017/11/01,Lethabo,coal,3558,39.93,43.68,16.39,0
2017/12/01,Lethabo,coal,3558,32.49,50.38,17.13,0
2018/01/01,Lethabo,coal,3558,45.07,52.16,2.77,0
2018/02/01,Lethabo,coal,3558,47.47,50.29,2.24,0
2018/03/01,Lethabo,coal,3558,42.53,36.63,20.71,0.13
2018/04/01,Lethabo,coal,3558,64.98,4,31.02,0
2018/05/01,Lethabo,coal,3558,85.77,0.19,14.04,0
2018/06/01,Lethabo,coal,3558,95.48,2.24,2.28,0
2018/07/01,Lethabo,coal,3558,95.37,0.89,3.74,0
2018/08/01,Lethabo,coal,3558,80.99,13.76,5.25,0
2018/09/01,Lethabo,coal,3558,94.33,2.65,3.02,0
2018/10/01,Lethabo,coal,3558,86.3,0.06,13.64,0
2018/11/01,Lethabo,coal,3558,68.18,3.91,27.91,0
2018/12/01,Lethabo,coal,3558,72.82,7.63,19.55,0
2019/01/01,Lethabo,coal,3558,76.1,2.91,20.99,0
2019/02/01,Lethabo,coal,3558,76.88,1.32,21.8,0
2019/03/01,Lethabo,coal,3558,55.17,15.17,29.63,0.03
2019/04/01,Lethabo,coal,3558,70.37,3.97,25.66,0
2019/05/01,Lethabo,coal,3558,75.41,3.05,21.54,0
2019/06/01,Lethabo,coal,3558,80.67,1.09,18.24,0
2019/07/01,Lethabo,coal,3558,77.78,1.36,20.82,0.04
2019/08/01,Lethabo,coal,3558,65.32,12.75,21.93,0
2019/09/01,Lethabo,coal,3558,62.63,18.44,18.93,0
2019/10/01,Lethabo,coal,3558,61.26,17.04,21.7,0
2019/11/01,Lethabo,coal,3558,59.89,17.4,22.71,0
2019/12/01,Lethabo,coal,3558,56.61,9.93,33.46,0
2020/01/01,Lethabo,coal,3558,58.98,9.69,31.33,0
2020/02/01,Lethabo,coal,3558,63.29,19.06,17.65,0
2020/03/01,Lethabo,coal,3558,69.99,16.21,13.8,0
2020/04/01,Lethabo,coal,3558,83.93,7.97,8.1,0
2020/05/01,Lethabo,coal,3558,86.21,8.02,5.77,0
2020/06/01,Lethabo,coal,3558,92.47,0.15,7.38,0
2020/07/01,Lethabo,coal,3558,83.96,9.68,6.36,0
2020/08/01,Lethabo,coal,3558,88.87,6.01,5.12,0
2020/09/01,Lethabo,coal,3558,72.32,18.36,9.32,0
2020/10/01,Lethabo,coal,3558,81.79,16.88,1.33,0
2020/11/01,Lethabo,coal,3558,74.34,18.17,7.49,0
2020/12/01,Lethabo,coal,3558,68.52,20.38,11.1,0
2021/01/01,Lethabo,coal,3558,72.72,15.11,12.17,0
2021/02/01,Lethabo,coal,3558,66.84,18.8,14.36,0
2021/03/01,Lethabo,coal,3558,76.31,18.39,5.3,0
2021/04/01,Lethabo,coal,3558,80.77,13.4,5.83,0
2021/05/01,Lethabo,coal,3558,85.85,3.02,11.13,0
2021/06/01,Lethabo,coal,3558,92.38,3.69,3.93,0
2021/07/01,Lethabo,coal,3558,95.29,2,2.71,0
2021/08/01,Lethabo,coal,3558,89.04,6.46,4.5,0
2021/09/01,Lethabo,coal,3558,77.1,17.73,5.17,0
2021/10/01,Lethabo,coal,3558,75.74,8.24,16.02,0
2021/11/01,Lethabo,coal,3558,74.92,4.94,20.14,0
2021/12/01,Lethabo,coal,3558,74.69,19.03,6.27,0.01
2022/01/01,Lethabo,coal,3558,60.81,19.23,19.91,0.05
2022/02/01,Lethabo,coal,3558,77.26,4.98,17.76,0
2022/03/01,Lethabo,coal,3558,81.99,6.92,10.96,0.13
2022/04/01,Lethabo,coal,3558,73.35,20.84,5.35,0.46
2022/05/01,Lethabo,coal,3558,62.14,20.42,17.44,0
2022/06/01,Lethabo,coal,3558,73.62,18.38,7.7,0.3
2022/07/01,Lethabo,coal,3558,78.93,10.32,6.06,4.69
2017/01/01,Majuba,coal,3843,77.09,9.19,13.68,0.04
2017/02/01,Majuba,coal,3843,76.08,22.03,1.84,0.05
2017/03/01,Majuba,coal,3843,95.55,1.39,2.96,0.1
2017/04/01,Majuba,coal,3843,99.03,0.15,0.8,0.02
2017/05/01,Majuba,coal,3843,94.81,0,5.16,0.03
2017/06/01,Majuba,coal,3843,92.94,3.18,3.88,0
2017/07/01,Majuba,coal,3843,93.98,2.25,3.77,0
2017/08/01,Majuba,coal,3843,94.13,0,5.87,0
2017/09/01,Majuba,coal,3843,89.63,6.3,3.89,0.18
2017/10/01,Majuba,coal,3843,86.7,8.95,4.06,0.29
2017/11/01,Majuba,coal,3843,91.29,4.09,3.34,1.28
2017/12/01,Majuba,coal,3843,74.91,16.56,7.38,1.15
2018/01/01,Majuba,coal,3843,80.4,12.15,5.98,1.47
2018/02/01,Majuba,coal,3843,90.11,3,4.66,2.23
2018/03/01,Majuba,coal,3843,92.3,1.32,6.23,0.15
2018/04/01,Majuba,coal,3843,81.28,2.4,16.32,0
2018/05/01,Majuba,coal,3843,79.12,6,14.88,0
2018/06/01,Majuba,coal,3843,84.21,8.36,7.19,0.24
2018/07/01,Majuba,coal,3843,90.77,4.7,4.53,0
2018/08/01,Majuba,coal,3843,79.93,15.03,5.04,0
2018/09/01,Majuba,coal,3843,84.01,2.46,13.36,0.17
2018/10/01,Majuba,coal,3843,70.45,6.22,23.23,0.1
2018/11/01,Majuba,coal,3843,80.05,3.06,16.79,0.1
2018/12/01,Majuba,coal,3843,79.98,4.86,11.83,3.33
2019/01/01,Majuba,coal,3843,77.67,3.74,15.16,3.43
2019/02/01,Majuba,coal,3843,77.56,4.54,17.17,0.73
2019/03/01,Majuba,coal,3843,73.11,6.13,20.44,0.32
2019/04/01,Majuba,coal,3843,63.8,19.2,15.43,1.57
2019/05/01,Majuba,coal,3843,75.43,18.93,5.62,0.02
2019/06/01,Majuba,coal,3843,61.77,11.4,26.82,0.01
2019/07/01,Majuba,coal,3843,73.38,4.5,22.12,0
2019/08/01,Majuba,coal,3843,83.2,3.53,13.2,0.07
2019/09/01,Majuba,coal,3843,72.27,5.83,21.63,0.27
2019/10/01,Majuba,coal,3843,80.86,3.46,15.2,0.48
2019/11/01,Majuba,coal,3843,82.48,1.74,15.14,0.64
2019/12/01,Majuba,coal,3843,65.23,9.81,22.01,2.95
2020/01/01,Majuba,coal,3843,61.31,16.42,19.61,2.66
2020/02/01,Majuba,coal,3843,59,17.94,23.05,0.01
2020/03/01,Majuba,coal,3843,58.22,10.21,31.57,0
2020/04/01,Majuba,coal,3843,71.9,15.79,11.71,0.6
2020/05/01,Majuba,coal,3843,72.82,1.04,25.24,0.9
2020/06/01,Majuba,coal,3843,88.67,0.29,10.92,0.12
2020/07/01,Majuba,coal,3843,79.76,1.74,17.44,1.06
2020/08/01,Majuba,coal,3843,72.14,15.72,12.11,0.03
2020/09/01,Majuba,coal,3843,75.31,2.29,22.22,0.18
2020/10/01,Majuba,coal,3843,83.73,1.31,14.56,0.4
2020/11/01,Majuba,coal,3843,68.17,18.81,9.97,3.05
2020/12/01,Majuba,coal,3843,62.97,17.53,15.57,3.93
2021/01/01,Majuba,coal,3843,65.72,3.92,26.3,4.06
2021/02/01,Majuba,coal,3843,65.1,10.41,20.24,4.25
2021/03/01,Majuba,coal,3843,62.41,17.06,18.66,1.87
2021/04/01,Majuba,coal,3843,68.01,4.93,24.16,2.9
2021/05/01,Majuba,coal,3843,65.48,7.55,23.88,3.09
2021/06/01,Majuba,coal,3843,64.27,11.29,21,3.44
2021/07/01,Majuba,coal,3843,71.32,8.1,15.91,4.67
2021/08/01,Majuba,coal,3843,56.73,28.7,14,0.57
2021/09/01,Majuba,coal,3843,58.53,19.76,21.33,0.38
2021/10/01,Majuba,coal,3843,61.34,18.87,19.04,0.75
2021/11/01,Majuba,coal,3843,61.15,12.71,21.01,5.13
2021/12/01,Majuba,coal,3843,55.84,9.03,28.35,6.78
2022/01/01,Majuba,coal,3843,60.45,3.99,33.16,2.4
2022/02/01,Majuba,coal,3843,66.78,3.14,28.97,1.11
2022/03/01,Majuba,coal,3843,62.82,11.08,24.94,1.16
2022/04/01,Majuba,coal,3807,54.09,9.98,32.74,3.19
2022/05/01,Majuba,coal,3807,54.16,6.92,38.01,0.91
2022/06/01,Majuba,coal,3807,56.51,0.25,37.98,5.26
2022/07/01,Majuba,coal,3807,62.66,4.56,32.71,0.07
2017/01/01,Matimba,coal,3690,93.35,5.28,0.58,0.79
2017/02/01,Matimba,coal,3690,79.42,18.48,1.47,0.63
2017/03/01,Matimba,coal,3690,80.7,17.15,1.77,0.38
2017/04/01,Matimba,coal,3690,82.83,13.05,3.99,0.13
2017/05/01,Matimba,coal,3690,97.47,0.6,1.78,0.15
2017/06/01,Matimba,coal,3690,97.23,0.04,2.58,0.15
2017/07/01,Matimba,coal,3690,90,8.37,0.7,0.93
2017/08/01,Matimba,coal,3690,91.42,3.06,4.24,1.28
2017/09/01,Matimba,coal,3690,89.59,6.52,2.02,1.87
2017/10/01,Matimba,coal,3690,93.44,2.7,1.25,2.61
2017/11/01,Matimba,coal,3690,95.38,0.83,1.66,2.13
2017/12/01,Matimba,coal,3690,88.58,4.62,0.22,6.58
2018/01/01,Matimba,coal,3690,93.93,0.61,1.2,4.26
2018/02/01,Matimba,coal,3690,88.16,8.7,2.02,1.12
2018/03/01,Matimba,coal,3690,77.47,18,3.79,0.74
2018/04/01,Matimba,coal,3690,81.52,17.32,0.45,0.71
2018/05/01,Matimba,coal,3690,80.52,15.34,3.06,1.08
2018/06/01,Matimba,coal,3690,85.87,4.18,9.54,0.41
2018/07/01,Matimba,coal,3690,97.68,1.29,0.4,0.63
2018/08/01,Matimba,coal,3690,96.76,0.55,1.44,1.25
2018/09/01,Matimba,coal,3690,93.37,0.03,1.36,5.24
2018/10/01,Matimba,coal,3690,95.74,0.21,0.75,3.3
2018/11/01,Matimba,coal,3690,93.62,0.09,1.66,4.63
2018/12/01,Matimba,coal,3690,84,9.95,1.81,4.24
2019/01/01,Matimba,coal,3690,83.76,11.83,2.71,1.7
2019/02/01,Matimba,coal,3690,81.11,15.52,0.63,2.74
2019/03/01,Matimba,coal,3690,80.16,17.74,0.4,1.7
2019/04/01,Matimba,coal,3690,85.63,12.11,1.3,0.96
2019/05/01,Matimba,coal,3690,92.29,0.22,6.18,1.31
2019/06/01,Matimba,coal,3690,91.06,0.53,7.65,0.76
2019/07/01,Matimba,coal,3690,90.7,1.45,6.39,1.46
2019/08/01,Matimba,coal,3690,95.85,1.38,1.49,1.28
2019/09/01,Matimba,coal,3690,94.21,0.74,0.79,4.26
2019/10/01,Matimba,coal,3690,78.71,14.96,1.15,5.18
2019/11/01,Matimba,coal,3690,75.64,18.02,2.19,4.15
2019/12/01,Matimba,coal,3690,82.6,4.95,6.58,5.87
2020/01/01,Matimba,coal,3690,87.58,4.17,5.23,3.02
2020/02/01,Matimba,coal,3690,87.41,7.12,4.64,0.83
2020/03/01,Matimba,coal,3690,87.98,2.65,8.31,1.06
2020/04/01,Matimba,coal,3690,73.01,24.02,2.62,0.35
2020/05/01,Matimba,coal,3690,96.21,0.14,3.3,0.35
2020/06/01,Matimba,coal,3690,97.01,0.03,2.68,0.28
2020/07/01,Matimba,coal,3690,97.89,0.11,1.65,0.35
2020/08/01,Matimba,coal,3690,90.41,5.26,2.12,2.21
2020/09/01,Matimba,coal,3690,75.01,19.24,4.69,1.06
2020/10/01,Matimba,coal,3690,73.45,13.72,10.37,2.46
2020/11/01,Matimba,coal,3690,66.13,19.06,12.77,2.04
2020/12/01,Matimba,coal,3690,66.8,16.71,13.67,2.82
2021/01/01,Matimba,coal,3690,75.64,3.47,17.12,3.77
2021/02/01,Matimba,coal,3690,74.65,16.78,7.33,1.24
2021/03/01,Matimba,coal,3690,75.99,18.1,5.17,0.74
2021/04/01,Matimba,coal,3690,81.04,11.87,6.13,0.96
2021/05/01,Matimba,coal,3690,81.65,5.28,12.01,1.06
2021/06/01,Matimba,coal,3690,83.99,0.63,14.96,0.42
2021/07/01,Matimba,coal,3690,81.54,2.39,15.37,0.7
2021/08/01,Matimba,coal,3690,85.28,2.96,8.62,3.14
2021/09/01,Matimba,coal,3690,66.69,15.81,10.07,7.43
2021/10/01,Matimba,coal,3690,64.29,15.95,12.77,6.99
2021/11/01,Matimba,coal,3690,64.75,3.22,18.57,13.46
2021/12/01,Matimba,coal,3690,71.29,9.66,13.7,5.35
2022/01/01,Matimba,coal,3690,76.71,0.99,16.92,5.38
2022/02/01,Matimba,coal,3690,74.36,2.07,17.71,5.86
2022/03/01,Matimba,coal,3690,73.85,9.9,12.21,4.04
2022/04/01,Matimba,coal,3690,83.22,3.03,11.14,2.61
2022/05/01,Matimba,coal,3690,85.37,0.27,12.33,2.03
2022/06/01,Matimba,coal,3690,83.79,4.78,10.93,0.5
2022/07/01,Matimba,coal,3690,85.91,1.53,12.19,0.37
2017/01/01,Matla,coal,3450,64.46,28.43,3.86,3.25
2017/02/01,Matla,coal,3450,77.09,17.07,2.57,3.27
2017/03/01,Matla,coal,3450,74.6,16.67,5.87,2.86
2017/04/01,Matla,coal,3450,80.63,17.65,0.47,1.25
2017/05/01,Matla,coal,3450,80.26,5.12,12.32,2.3
2017/06/01,Matla,coal,3450,71.22,16.7,10.75,1.33
2017/07/01,Matla,coal,3450,90.17,4.37,3.27,2.19
2017/08/01,Matla,coal,3450,78.9,16.46,2.03,2.61
2017/09/01,Matla,coal,3450,69.92,22.47,3.2,4.41
2017/10/01,Matla,coal,3450,71.19,20.28,2.9,5.63
2017/11/01,Matla,coal,3450,82.13,8.88,5.74,3.25
2017/12/01,Matla,coal,3450,86.72,4.3,5.21,3.77
2018/01/01,Matla,coal,3450,78.56,13.93,1.66,5.85
2018/02/01,Matla,coal,3450,73.31,20.37,2.92,3.4
2018/03/01,Matla,coal,3450,72.88,16.67,2.94,7.51
2018/04/01,Matla,coal,3450,78.32,16.89,0.2,4.59
2018/05/01,Matla,coal,3450,75.83,17.52,1.68,4.97
2018/06/01,Matla,coal,3450,71.79,17.21,2.85,8.15
2018/07/01,Matla,coal,3450,64.84,13.26,14.36,7.54
2018/08/01,Matla,coal,3450,62.41,16.93,14.12,6.54
2018/09/01,Matla,coal,3450,69.81,11.9,12.04,6.25
2018/10/01,Matla,coal,3450,79.35,6.42,6.78,7.45
2018/11/01,Matla,coal,3450,76.83,16.67,1.33,5.17
2018/12/01,Matla,coal,3450,73.57,6.61,12.93,6.89
2019/01/01,Matla,coal,3450,76.59,2.93,12.47,8.01
2019/02/01,Matla,coal,3450,59.59,3.24,27.64,9.53
2019/03/01,Matla,coal,3450,57.74,0.04,36.26,5.96
2019/04/01,Matla,coal,3450,73.72,16.47,3.99,5.82
2019/05/01,Matla,coal,3450,75.83,10.69,9.82,3.66
2019/06/01,Matla,coal,3450,80.07,3.57,14.11,2.25
2019/07/01,Matla,coal,3450,76.95,5.59,14.02,3.44
2019/08/01,Matla,coal,3450,76.21,0.02,18.15,5.62
2019/09/01,Matla,coal,3450,71.79,4.08,19.94,4.19
2019/10/01,Matla,coal,3450,82.66,0,13.3,4.04
2019/11/01,Matla,coal,3450,78.88,1.16,16.71,3.25
2019/12/01,Matla,coal,3450,57.33,7.43,31.63,3.61
2020/01/01,Matla,coal,3450,43.99,17.57,34.75,3.69
2020/02/01,Matla,coal,3450,70.76,1.5,26.38,1.36
2020/03/01,Matla,coal,3450,73.6,0.63,22.86,2.91
2020/04/01,Matla,coal,3450,75.53,10.48,8.04,5.95
2020/05/01,Matla,coal,3450,68.31,17.29,7.02,7.38
2020/06/01,Matla,coal,3450,71.3,1.47,20.8,6.43
2020/07/01,Matla,coal,3450,69.85,3.34,24.07,2.74
2020/08/01,Matla,coal,3450,74.05,2.51,20.79,2.65
2020/09/01,Matla,coal,3450,71.35,15.32,9.76,3.57
2020/10/01,Matla,coal,3450,60.43,18.3,16.95,4.32
2020/11/01,Matla,coal,3450,66.53,18.17,8.51,6.79
2020/12/01,Matla,coal,3450,65.85,12.16,14.17,7.82
2021/01/01,Matla,coal,3450,64.39,9.09,20.25,6.27
2021/02/01,Matla,coal,3450,69.85,4.64,19.26,6.25
2021/03/01,Matla,coal,3450,61.96,10.53,21.52,5.99
2021/04/01,Matla,coal,3450,60.62,6.39,26.56,6.43
2021/05/01,Matla,coal,3450,61.04,1.38,29.64,7.94
2021/06/01,Matla,coal,3450,71.59,3.36,18.49,6.56
2021/07/01,Matla,coal,3450,70.88,9.45,15.08,4.59
2021/08/01,Matla,coal,3450,76.6,5.34,12.46,5.6
2021/09/01,Matla,coal,3450,67.22,15.18,13.85,3.75
2021/10/01,Matla,coal,3450,65.15,18.55,12.11,4.19
2021/11/01,Matla,coal,3450,63.97,23.52,7.83,4.68
2021/12/01,Matla,coal,3450,52.32,24.31,17.53,5.84
2022/01/01,Matla,coal,3450,61.27,3.12,28.54,7.07
2022/02/01,Matla,coal,3450,69.22,4.77,19.28,6.73
2022/03/01,Matla,coal,3450,68.25,4.44,21.45,5.86
2022/04/01,Matla,coal,3450,52.44,10.35,30.24,6.97
2022/05/01,Matla,coal,3450,59.93,0.32,33.49,6.26
2022/06/01,Matla,coal,3450,45.28,6.32,39.92,8.48
2022/07/01,Matla,coal,3450,63.26,16.52,11.93,8.29
2017/01/01,Medupi,coal,720,94.27,0,5.73,0
2017/02/01,Medupi,coal,720,87.43,0,12.4,0.17
2017/03/01,Medupi,coal,720,93.19,0,6.81,0
2017/04/01,Medupi,coal,720,84.79,13.34,1.87,0
2017/05/01,Medupi,coal,720,94.89,0.6,4.51,0
2017/06/01,Medupi,coal,720,82.7,0,17.3,0
2017/07/01,Medupi,coal,720,99.2,0,0.8,0
2017/08/01,Medupi,coal,720,66.65,15.88,17.47,0
2017/09/01,Medupi,coal,720,49.86,30.5,19.64,0
2017/10/01,Medupi,coal,720,74.66,0,25.34,0
2017/11/01,Medupi,coal,720,58.46,10.87,30.67,0
2017/12/01,Medupi,coal,720,88.75,5.61,5.64,0
2018/01/01,Medupi,coal,720,82.31,0,17.69,0
2018/02/01,Medupi,coal,720,83.75,0,16.25,0
2018/03/01,Medupi,coal,720,56.38,18.55,25.07,0
2018/04/01,Medupi,coal,720,83.08,0,16.92,0
2018/05/01,Medupi,coal,1437,95.17,0,4.83,0
2018/06/01,Medupi,coal,1437,76.49,16.79,6.72,0
2018/07/01,Medupi,coal,1437,65.97,16.39,17.64,0
2018/08/01,Medupi,coal,1437,66.03,1.14,32.83,0
2018/09/01,Medupi,coal,1437,40.36,50.1,9.54,0
2018/10/01,Medupi,coal,1437,33.79,55.8,10.41,0
2018/11/01,Medupi,coal,1437,55.05,13.85,31.1,0
2018/12/01,Medupi,coal,2157,61.05,0,38.95,0
2019/01/01,Medupi,coal,2157,32.53,0,67.47,0
2019/02/01,Medupi,coal,2157,31.96,0,68.04,0
2019/03/01,Medupi,coal,2157,35.06,23.72,41.13,0.09
2019/04/01,Medupi,coal,2157,66.71,0.1,33.19,0
2019/05/01,Medupi,coal,2157,76.18,0.2,23.62,0
2019/06/01,Medupi,coal,2157,72.48,4.11,23.41,0
2019/07/01,Medupi,coal,2157,68.69,0.42,30.38,0.51
2019/08/01,Medupi,coal,2157,60.65,21.46,16.99,0.9
2019/09/01,Medupi,coal,2157,77.44,0.08,19.06,3.42
2019/10/01,Medupi,coal,2157,57.81,0,42.19,0
2019/11/01,Medupi,coal,2157,60.36,4.42,34.71,0.51
2019/12/01,Medupi,coal,2157,54.3,25.51,20.19,0
2020/01/01,Medupi,coal,2157,66.25,0,33.75,0
2020/02/01,Medupi,coal,2157,62.48,0,37.52,0
2020/03/01,Medupi,coal,2157,53.53,3.81,42.53,0.13
2020/04/01,Medupi,coal,2157,37.46,46.41,16.13,0
2020/05/01,Medupi,coal,2157,51.77,36.39,11.84,0
2020/06/01,Medupi,coal,2157,60.98,19.24,19.78,0
2020/07/01,Medupi,coal,2157,63.55,0.74,35.71,0
2020/08/01,Medupi,coal,2877,54.47,23.44,22.09,0
2020/09/01,Medupi,coal,2877,55.87,25.03,19.1,0
2020/10/01,Medupi,coal,2877,52.25,12.25,35.5,0
2020/11/01,Medupi,coal,2877,67.97,1.97,30.06,0
2020/12/01,Medupi,coal,3597,57.72,23.94,18.34,0
2021/01/01,Medupi,coal,3597,49.69,11.75,38.56,0
2021/02/01,Medupi,coal,3597,63.53,7.82,28.65,0
2021/03/01,Medupi,coal,3597,56.71,21.78,20.98,0.53
2021/04/01,Medupi,coal,3597,57.69,23.27,17.19,1.85
2021/05/01,Medupi,coal,3597,60.48,1.42,19.64,18.46
2021/06/01,Medupi,coal,3597,62.87,4.73,32.4,0
2021/07/01,Medupi,coal,3597,70.68,4.39,24.81,0.12
2021/08/01,Medupi,coal,3597,66.96,8.21,24.21,0.62
2021/09/01,Medupi,coal,3597,64.71,0,35.21,0.08
2021/10/01,Medupi,coal,3597,52.26,20.35,27.39,0
2021/11/01,Medupi,coal,3597,58.7,10.72,30.58,0
2021/12/01,Medupi,coal,3597,65.1,2.23,32.58,0.09
2022/01/01,Medupi,coal,3597,70.4,0,28.91,0.69
2022/02/01,Medupi,coal,3597,62.48,10.22,27.24,0.06
2022/03/01,Medupi,coal,3597,60.58,0.24,39.11,0.07
2022/04/01,Medupi,coal,3597,62.56,3.48,33.96,0
2022/05/01,Medupi,coal,3597,65.63,0.75,33.62,0
2022/06/01,Medupi,coal,3597,65.7,2.08,32.18,0.04
2022/07/01,Medupi,coal,3597,55.14,2.82,42.04,0
2017/01/01,Palmiet,phs,400,99.23,0.62,0.15,0
2017/02/01,Palmiet,phs,400,37.72,61.55,0.73,0
2017/03/01,Palmiet,phs,400,0,100,0,0
2017/04/01,Palmiet,phs,400,32.69,66.26,1.05,0
2017/05/01,Palmiet,phs,400,48.66,51.34,0,0
2017/06/01,Palmiet,phs,400,49.77,50,0.23,0
2017/07/01,Palmiet,phs,400,80.96,17.92,1.12,0
2017/08/01,Palmiet,phs,400,98.56,0,1.44,0
2017/09/01,Palmiet,phs,400,99.4,0,0.6,0
2017/10/01,Palmiet,phs,400,94.4,5.52,0.08,0
2017/11/01,Palmiet,phs,400,49.69,50.13,0.18,0
2017/12/01,Palmiet,phs,400,99.95,0,0.05,0
2018/01/01,Palmiet,phs,400,99.7,0,0.3,0
2018/02/01,Palmiet,phs,400,95.56,1.56,1.28,1.6
2018/03/01,Palmiet,phs,400,99.52,0.4,0.08,0
2018/04/01,Palmiet,phs,400,99.17,0.66,0.17,0
2018/05/01,Palmiet,phs,400,99.31,0.69,0,0
2018/06/01,Palmiet,phs,400,95.33,3.65,1.02,0
2018/07/01,Palmiet,phs,400,96.41,2.6,0.87,0.12
2018/08/01,Palmiet,phs,400,99.05,0.75,0.2,0
2018/09/01,Palmiet,phs,400,98.66,0.79,0.31,0.24
2018/10/01,Palmiet,phs,400,99.51,0,0.37,0.12
2018/11/01,Palmiet,phs,400,99.79,0,0.21,0
2018/12/01,Palmiet,phs,400,98.9,0.8,0.3,0
2019/01/01,Palmiet,phs,400,99.17,0.68,0.15,0
2019/02/01,Palmiet,phs,400,99.85,0,0.15,0
2019/03/01,Palmiet,phs,400,98.15,0.75,1.1,0
2019/04/01,Palmiet,phs,400,100,0,0,0
2019/05/01,Palmiet,phs,400,98.09,1.31,0.1,0.5
2019/06/01,Palmiet,phs,400,100,0,0,0
2019/07/01,Palmiet,phs,400,97.33,0,2.67,0
2019/08/01,Palmiet,phs,400,96.87,1.52,1.61,0
2019/09/01,Palmiet,phs,400,98.03,1.72,0.25,0
2019/10/01,Palmiet,phs,400,99.41,0.59,0,0
2019/11/01,Palmiet,phs,400,100,0,0,0
2019/12/01,Palmiet,phs,400,99.45,0.55,0,0
2020/01/01,Palmiet,phs,400,99.54,0,0.46,0
2020/02/01,Palmiet,phs,400,99.08,0,0.92,0
2020/03/01,Palmiet,phs,400,98.32,1.39,0.29,0
2020/04/01,Palmiet,phs,400,98.28,0,1.72,0
2020/05/01,Palmiet,phs,400,100,0,0,0
2020/06/01,Palmiet,phs,400,99.17,0.8,0.03,0
2020/07/01,Palmiet,phs,400,99.03,0.97,0,0
2020/08/01,Palmiet,phs,400,98.01,0.66,1.33,0
2020/09/01,Palmiet,phs,400,98.71,1.29,0,0
2020/10/01,Palmiet,phs,400,98.6,0.77,0.63,0
2020/11/01,Palmiet,phs,400,51.98,47.91,0.11,0
2020/12/01,Palmiet,phs,400,82.5,11.7,5.8,0
2021/01/01,Palmiet,phs,400,53.01,46.32,0.67,0
2021/02/01,Palmiet,phs,400,94.57,4.79,0.64,0
2021/03/01,Palmiet,phs,400,99.97,0,0,0.03
2021/04/01,Palmiet,phs,400,99.39,0,0.58,0.03
2021/05/01,Palmiet,phs,400,98.63,0.74,0.63,0
2021/06/01,Palmiet,phs,400,99.13,0.79,0.08,0
2021/07/01,Palmiet,phs,400,100,0,0,0
2021/08/01,Palmiet,phs,400,99.68,0,0.32,0
2021/09/01,Palmiet,phs,400,62.23,37.77,0,0
2021/10/01,Palmiet,phs,400,51.35,48.62,0.03,0
2021/11/01,Palmiet,phs,400,100,0,0,0
2021/12/01,Palmiet,phs,400,99.72,0,0.28,0
2022/01/01,Palmiet,phs,400,99.62,0,0.38,0
2022/02/01,Palmiet,phs,400,77.14,22.71,0.15,0
2022/03/01,Palmiet,phs,400,57.23,41.86,0.82,0.09
2022/04/01,Palmiet,phs,400,98.9,0.83,0.18,0.09
2022/05/01,Palmiet,phs,400,100,0,0,0
2022/06/01,Palmiet,phs,400,99.91,0,0,0.09
2022/07/01,Palmiet,phs,400,98.19,1.78,0.03,0
2017/01/01,Port Rex,ocgt,171,98.09,0,0,1.91
2017/02/01,Port Rex,ocgt,171,100,0,0,0
2017/03/01,Port Rex,ocgt,171,96.62,3.38,0,0
2017/04/01,Port Rex,ocgt,171,97.46,2.54,0,0
2017/05/01,Port Rex,ocgt,171,100,0,0,0
2017/06/01,Port Rex,ocgt,171,100,0,0,0
2017/07/01,Port Rex,ocgt,171,96.07,3.93,0,0
2017/08/01,Port Rex,ocgt,171,99.86,0,0,0.14
2017/09/01,Port Rex,ocgt,171,100,0,0,0
2017/10/01,Port Rex,ocgt,171,100,0,0,0
2017/11/01,Port Rex,ocgt,171,96.04,3.96,0,0
2017/12/01,Port Rex,ocgt,171,100,0,0,0
2018/01/01,Port Rex,ocgt,171,99.08,0,0,0.92
2018/02/01,Port Rex,ocgt,171,100,0,0,0
2018/03/01,Port Rex,ocgt,171,95.18,4.82,0,0
2018/04/01,Port Rex,ocgt,171,97.55,2.45,0,0
2018/05/01,Port Rex,ocgt,171,99.27,0,0,0.73
2018/06/01,Port Rex,ocgt,171,99.89,0,0.05,0.06
2018/07/01,Port Rex,ocgt,171,98.24,0,0,1.76
2018/08/01,Port Rex,ocgt,171,92.71,7.29,0,0
2018/09/01,Port Rex,ocgt,171,98.52,0,0,1.48
2018/10/01,Port Rex,ocgt,171,100,0,0,0
2018/11/01,Port Rex,ocgt,171,88.4,11.6,0,0
2018/12/01,Port Rex,ocgt,171,100,0,0,0
2019/01/01,Port Rex,ocgt,171,100,0,0,0
2019/02/01,Port Rex,ocgt,171,99.45,0,0,0.55
2019/03/01,Port Rex,ocgt,171,94.96,3.93,1.11,0
2019/04/01,Port Rex,ocgt,171,100,0,0,0
2019/05/01,Port Rex,ocgt,171,100,0,0,0
2019/06/01,Port Rex,ocgt,171,100,0,0,0
2019/07/01,Port Rex,ocgt,171,95.63,4.01,0,0.36
2019/08/01,Port Rex,ocgt,171,100,0,0,0
2019/09/01,Port Rex,ocgt,171,100,0,0,0
2019/10/01,Port Rex,ocgt,171,100,0,0,0
2019/11/01,Port Rex,ocgt,171,97.22,2.78,0,0
2019/12/01,Port Rex,ocgt,171,97.08,1.26,1.66,0
2020/01/01,Port Rex,ocgt,171,98.86,0,1.14,0
2020/02/01,Port Rex,ocgt,171,100,0,0,0
2020/03/01,Port Rex,ocgt,171,95.96,4.04,0,0
2020/04/01,Port Rex,ocgt,171,81.67,0,18.33,0
2020/05/01,Port Rex,ocgt,171,100,0,0,0
2020/06/01,Port Rex,ocgt,171,98.8,0,1.2,0
2020/07/01,Port Rex,ocgt,171,93.75,4.83,0,1.42
2020/08/01,Port Rex,ocgt,171,98.36,1.33,0.05,0.26
2020/09/01,Port Rex,ocgt,171,68.2,31.8,0,0
2020/10/01,Port Rex,ocgt,171,71.22,28.29,0.49,0
2020/11/01,Port Rex,ocgt,171,70.88,29.12,0,0
2020/12/01,Port Rex,ocgt,171,70.36,29.64,0,0
2021/01/01,Port Rex,ocgt,171,100,0,0,0
2021/02/01,Port Rex,ocgt,171,100,0,0,0
2021/03/01,Port Rex,ocgt,171,96.33,3.67,0,0
2021/04/01,Port Rex,ocgt,171,98.66,1.34,0,0
2021/05/01,Port Rex,ocgt,171,100,0,0,0
2021/06/01,Port Rex,ocgt,171,100,0,0,0
2021/07/01,Port Rex,ocgt,171,93.62,4.5,1.88,0
2021/08/01,Port Rex,ocgt,171,96.46,0,0.17,3.37
2021/09/01,Port Rex,ocgt,171,83.46,16.54,0,0
2021/10/01,Port Rex,ocgt,171,84.77,15.23,0,0
2021/11/01,Port Rex,ocgt,171,93.37,5.03,1.6,0
2021/12/01,Port Rex,ocgt,171,98.03,0,0.33,1.64
2022/01/01,Port Rex,ocgt,171,99.93,0,0.07,0
2022/02/01,Port Rex,ocgt,171,99.89,0,0.11,0
2022/03/01,Port Rex,ocgt,171,95.37,4.63,0,0
2022/04/01,Port Rex,ocgt,171,100,0,0,0
2022/05/01,Port Rex,ocgt,171,98.58,0,1.03,0.39
2022/06/01,Port Rex,ocgt,171,66.31,32.5,0.34,0.85
2022/07/01,Port Rex,ocgt,171,76.44,23.56,0,0
2017/01/01,Tutuka,coal,3510,77.3,16.67,4.22,1.81
2017/02/01,Tutuka,coal,3510,69.34,16.67,13.03,0.96
2017/03/01,Tutuka,coal,3510,72.21,14.69,10,3.1
2017/04/01,Tutuka,coal,3510,84.61,3.09,8.15,4.15
2017/05/01,Tutuka,coal,3510,86.13,0,10.34,3.53
2017/06/01,Tutuka,coal,3510,94.26,0,4.3,1.44
2017/07/01,Tutuka,coal,3510,91.23,5.2,2.64,0.93
2017/08/01,Tutuka,coal,3510,72.31,16.7,10.82,0.17
2017/09/01,Tutuka,coal,3510,61.82,19.45,18.73,0
2017/10/01,Tutuka,coal,3510,67.19,7.13,25.68,0
2017/11/01,Tutuka,coal,3510,74.86,8.46,16.63,0.05
2017/12/01,Tutuka,coal,3510,68.81,18.58,9.79,2.82
2018/01/01,Tutuka,coal,3510,67.25,19.43,10.81,2.51
2018/02/01,Tutuka,coal,3510,64.65,8.93,24.47,1.95
2018/03/01,Tutuka,coal,3510,66.23,1.22,30.85,1.7
2018/04/01,Tutuka,coal,3510,65.52,8.52,24.5,1.46
2018/05/01,Tutuka,coal,3510,72.84,7.03,19.71,0.42
2018/06/01,Tutuka,coal,3510,78.94,3.4,17.63,0.03
2018/07/01,Tutuka,coal,3510,71.96,8.39,18.82,0.83
2018/08/01,Tutuka,coal,3510,74.44,5.58,18.23,1.75
2018/09/01,Tutuka,coal,3510,52.12,21.13,26.68,0.07
2018/10/01,Tutuka,coal,3510,55.36,13.64,30.29,0.71
2018/11/01,Tutuka,coal,3510,48.79,0.56,50.08,0.57
2018/12/01,Tutuka,coal,3510,48.23,27.65,21.81,2.31
2019/01/01,Tutuka,coal,3510,36.79,34.02,25.64,3.55
2019/02/01,Tutuka,coal,3510,41.51,22.06,34.06,2.37
2019/03/01,Tutuka,coal,3510,48.1,17.74,32.1,2.06
2019/04/01,Tutuka,coal,3510,46.67,27.81,22.25,3.27
2019/05/01,Tutuka,coal,3510,50.23,21.6,25.61,2.56
2019/06/01,Tutuka,coal,3510,47.65,4.84,44.35,3.16
2019/07/01,Tutuka,coal,3510,52.84,5.98,37.43,3.75
2019/08/01,Tutuka,coal,3510,53.08,6.73,36.03,4.16
2019/09/01,Tutuka,coal,3510,40.51,7.93,48.81,2.75
2019/10/01,Tutuka,coal,3510,49.46,0.96,45.33,4.25
2019/11/01,Tutuka,coal,3510,44.64,1.09,50.27,4
2019/12/01,Tutuka,coal,3510,36.72,5.51,54.72,3.05
2020/01/01,Tutuka,coal,3510,31.54,5.89,62.35,0.22
2020/02/01,Tutuka,coal,3510,29.25,1.24,69.51,0
2020/03/01,Tutuka,coal,3510,32.88,5.91,60.47,0.74
2020/04/01,Tutuka,coal,3510,41.08,11.32,46.59,1.01
2020/05/01,Tutuka,coal,3510,50.19,8.3,41.49,0.02
2020/06/01,Tutuka,coal,3510,51.22,0.36,48.31,0.11
2020/07/01,Tutuka,coal,3510,44.69,1.78,51.24,2.29
2020/08/01,Tutuka,coal,3510,38.58,6.83,54.25,0.34
2020/09/01,Tutuka,coal,3510,39.43,9.48,50.26,0.83
2020/10/01,Tutuka,coal,3510,36.69,25.97,37.12,0.22
2020/11/01,Tutuka,coal,3510,30.53,23.35,43.04,3.08
2020/12/01,Tutuka,coal,3510,30.39,23.66,44.03,1.92
2021/01/01,Tutuka,coal,3510,38.03,14.08,47.47,0.42
2021/02/01,Tutuka,coal,3510,41.79,1.82,54.96,1.43
2021/03/01,Tutuka,coal,3510,42.25,2.23,55.27,0.25
2021/04/01,Tutuka,coal,3510,43.67,15.04,41.16,0.13
2021/05/01,Tutuka,coal,3510,35.96,0.92,63.12,0
2021/06/01,Tutuka,coal,3510,34.88,0,65.12,0
2021/07/01,Tutuka,coal,3510,23.17,2.19,74.12,0.52
2021/08/01,Tutuka,coal,3510,29.24,2.16,68.6,0
2021/09/01,Tutuka,coal,3510,43.1,0,54.78,2.12
2021/10/01,Tutuka,coal,3510,28.73,6.72,64.02,0.53
2021/11/01,Tutuka,coal,3510,20.87,11.4,67.65,0.08
2021/12/01,Tutuka,coal,3510,22.72,0,77.28,0
2022/01/01,Tutuka,coal,3510,28.42,9.06,62.52,0
2022/02/01,Tutuka,coal,3510,31.67,10.8,57.53,0
2022/03/01,Tutuka,coal,3510,19.2,6.99,73.81,0
2022/04/01,Tutuka,coal,3510,25.02,0.07,74.79,0.12
2022/05/01,Tutuka,coal,3510,26.81,0,73.17,0.02
2022/06/01,Tutuka,coal,3510,35.27,0,64.68,0.05
2022/07/01,Tutuka,coal,3510,29.23,6.67,64.09,0.01
2017/01/01,Vanderkloof,hydro,240,99.95,0,0.05,0
2017/02/01,Vanderkloof,hydro,240,100,0,0,0
2017/03/01,Vanderkloof,hydro,240,100,0,0,0
2017/04/01,Vanderkloof,hydro,240,100,0,0,0
2017/05/01,Vanderkloof,hydro,240,100,0,0,0
2017/06/01,Vanderkloof,hydro,240,99.69,0,0.31,0
2017/07/01,Vanderkloof,hydro,240,100,0,0,0
2017/08/01,Vanderkloof,hydro,240,100,0,0,0
2017/09/01,Vanderkloof,hydro,240,99.01,0,0.05,0.94
2017/10/01,Vanderkloof,hydro,240,100,0,0,0
2017/11/01,Vanderkloof,hydro,240,100,0,0,0
2017/12/01,Vanderkloof,hydro,240,99.92,0,0.08,0
2018/01/01,Vanderkloof,hydro,240,100,0,0,0
2018/02/01,Vanderkloof,hydro,240,100,0,0,0
2018/03/01,Vanderkloof,hydro,240,100,0,0,0
2018/04/01,Vanderkloof,hydro,240,99.85,0,0,0.15
2018/05/01,Vanderkloof,hydro,240,99.57,0,0.02,0.41
2018/06/01,Vanderkloof,hydro,240,99.42,0,0,0.58
2018/07/01,Vanderkloof,hydro,240,99.77,0,0.23,0
2018/08/01,Vanderkloof,hydro,240,99.08,0,0.92,0
2018/09/01,Vanderkloof,hydro,240,100,0,0,0
2018/10/01,Vanderkloof,hydro,240,98.77,0,1.23,0
2018/11/01,Vanderkloof,hydro,240,100,0,0,0
2018/12/01,Vanderkloof,hydro,240,99.89,0,0.11,0
2019/01/01,Vanderkloof,hydro,240,99.83,0,0,0.17
2019/02/01,Vanderkloof,hydro,240,99.94,0,0.06,0
2019/03/01,Vanderkloof,hydro,240,97.38,2.62,0,0
2019/04/01,Vanderkloof,hydro,240,76.84,22.85,0,0.31
2019/05/01,Vanderkloof,hydro,240,100,0,0,0
2019/06/01,Vanderkloof,hydro,240,98.83,0,0.08,1.09
2019/07/01,Vanderkloof,hydro,240,99.91,0,0.09,0
2019/08/01,Vanderkloof,hydro,240,99.13,0,0.87,0
2019/09/01,Vanderkloof,hydro,240,99.62,0,0.38,0
2019/10/01,Vanderkloof,hydro,240,99.8,0,0.2,0
2019/11/01,Vanderkloof,hydro,240,63.7,36.22,0.08,0
2019/12/01,Vanderkloof,hydro,240,95.47,4.49,0.04,0
2020/01/01,Vanderkloof,hydro,240,99.79,0,0.21,0
2020/02/01,Vanderkloof,hydro,240,99.97,0,0.03,0
2020/03/01,Vanderkloof,hydro,240,99.85,0,0,0.15
2020/04/01,Vanderkloof,hydro,240,100,0,0,0
2020/05/01,Vanderkloof,hydro,240,99.95,0,0.05,0
2020/06/01,Vanderkloof,hydro,240,99.84,0,0.16,0
2020/07/01,Vanderkloof,hydro,240,100,0,0,0
2020/08/01,Vanderkloof,hydro,240,92.89,0,0,7.11
2020/09/01,Vanderkloof,hydro,240,100,0,0,0
2020/10/01,Vanderkloof,hydro,240,94.57,0,0,5.43
2020/11/01,Vanderkloof,hydro,240,99.87,0,0,0.13
2020/12/01,Vanderkloof,hydro,240,100,0,0,0
2021/01/01,Vanderkloof,hydro,240,99.92,0,0.08,0
2021/02/01,Vanderkloof,hydro,240,100,0,0,0
2021/03/01,Vanderkloof,hydro,240,99.39,0,0.05,0.56
2021/04/01,Vanderkloof,hydro,240,100,0,0,0
2021/05/01,Vanderkloof,hydro,240,99.91,0,0.09,0
2021/06/01,Vanderkloof,hydro,240,100,0,0,0
2021/07/01,Vanderkloof,hydro,240,99.81,0,0.19,0
2021/08/01,Vanderkloof,hydro,240,100,0,0,0
2021/09/01,Vanderkloof,hydro,240,99.91,0,0.09,0
2021/10/01,Vanderkloof,hydro,240,100,0,0,0
2021/11/01,Vanderkloof,hydro,240,99.61,0,0.39,0
2021/12/01,Vanderkloof,hydro,240,99.78,0,0.22,0
2022/01/01,Vanderkloof,hydro,240,100,0,0,0
2022/02/01,Vanderkloof,hydro,240,99.59,0,0.15,0.26
2022/03/01,Vanderkloof,hydro,240,99.96,0,0,0.04
2022/04/01,Vanderkloof,hydro,240,100,0,0,0
2022/05/01,Vanderkloof,hydro,240,100,0,0,0
2022/06/01,Vanderkloof,hydro,240,99.66,0,0.34,0
2022/07/01,Vanderkloof,hydro,240,100,0,0,0
